feature,mean_abs_shap
log_mass,1.2452109
class_Teleostei,0.17037468
inv_kT,0.15791439
class_Aves,0.12895142
base_log_pred,0.1264488
class_Mammalia,0.1187137
order_Clupeiformes,0.072751604
class_Aconoidasida,0.039867382
order_Teuthida,0.035041366
pc3,0.03430836
family_Clupeidae,0.027292037
pc2,0.027133642
pc1,0.026519708
family_Gobiidae,0.023029173
class_Cladistei,0.020643547
class_Scyphozoa,0.019693624
class_Arachnida,0.01939409
order_Salmoniformes,0.017151766
class_Chondrostei,0.015314047
species_stellatus,0.013062135
family_Bolitaenidae,0.0129771205
class_Dipnotetrapodomorpha,0.009650108
class_Insecta,0.009417023
class_Ciliatea,0.008975491
class_Cephalopoda,0.0080589345
order_Caudata,0.0080334935
class_Hydrozoa,0.0076810657
class_Metamonada,0.0075985943
family_Anguillidae,0.0071880505
class_Sagittoidea,0.00673545
class_Amphibia,0.0063968603
class_Branchiopoda,0.0056157187
pc5,0.005192901
order_Haemosporida,0.004579
order_Anura,0.0037407768
order_Lepidoptera,0.0036430773
family_Fundulidae,0.003563635
order_Sessilia,0.003518865
family_Balanidae,0.0034237776
class_Maxillopoda,0.003028568
family_Ommastrephidae,0.0029120806
family_Moronidae,0.00282195
order_Apodiformes,0.0027301193
family_Hylidae,0.0025735577
family_Theridiidae,0.002523761
order_Decapoda,0.002490282
family_Cichlidae,0.0023902985
class_Lobosa,0.0023743664
order_Orectolobiformes,0.0023236552
order_Coronatae,0.0023157492
class_Malacostraca,0.002097795
Genus_Lampetra,0.0020895677
family_Salmonidae,0.002066283
order_Squaliformes,0.0020215698
order_Diptera,0.0020065482
species_mykiss,0.0019957346
order_Acipenseriformes,0.0019613644
class_Conoidasida,0.0019238534
Genus_Oncorhynchus,0.0018256293
family_Gecarcinucidae,0.0017404787
family_Xanthidae,0.0017273383
order_Blattodea,0.0017082598
class_Halobacteria,0.0016923961
family_Bufonidae,0.0016843412
Genus_Dryophytes,0.0016794968
family_Termitidae,0.0015551246
Genus_Octopus,0.0015355019
order_Euphausiacea,0.0014378602
order_Siluriformes,0.0013917309
family_Gadidae,0.0013126228
family_Formicidae,0.0012571528
order_Odonata,0.0012480789
family_Dermophiidae,0.001142403
family_Sciaenidae,0.0011039346
order_Amoebida,0.0010983852
Genus_Abramis,0.0010981022
family_Sicariidae,0.0010960686
order_Orthoptera,0.0010880359
order_Cyprinodontiformes,0.0010575432
species_fluviatilis,0.0010449364
Genus_Japetella,0.001044435
order_Eucoccidiorida,0.0010347246
order_Ixodida,0.0010301312
family_Ranidae,0.0010018818
class_Chondrichthyes,0.0009904387
order_Aphragmophora,0.0009869158
order_Squamata,0.0009734171
order_Trachymedusae,0.00095685315
class_Myxini,0.00095504726
family_Octopodidae,0.0009325736
order_Polypteriformes,0.000904404
Genus_Typhlogobius,0.0009036843
family_Portunidae,0.00089696364
order_Rodentia,0.0008870358
family_Varanidae,0.0008683851
family_Carabidae,0.0008586102
pc4,0.0008464207
family_Agamidae,0.00083162397
order_Testudines,0.00083146733
Genus_Salvelinus,0.00082760974
family_Oplophoridae,0.0008125785
order_Ceratodontiformes,0.0008054765
species_transmontanus,0.0007929999
order_Scorpaeniformes,0.00079219206
Genus_Oreochromis,0.00077158364
Genus_Petromyzon,0.00074094307
Genus_Cirrhinus,0.00068814534
Genus_Euphausia,0.0006776146
class_Cephalaspidomorphi,0.0006607871
family_Anguidae,0.0006590785
family_Sirenidae,0.0006449497
family_Cricetidae,0.00062696426
species_rostrata,0.00062493014
class_Reptilia,0.000618775
species_nuchalis,0.00061015
Genus_Anguilla,0.00058484153
species_cinereus,0.0005839347
species_vulgaris,0.0005634419
family_Carphodactylidae,0.0005504247
order_Coleoptera,0.0005488712
order_Octopoda,0.0005437347
family_Archaeobalanidae,0.00053614954
family_Curculionidae,0.00053286983
order_Piciformes,0.0005314036
Genus_Masticophis,0.00053081685
species_laeta,0.0005143425
species_tristis,0.0005093187
Genus_Tetramorium,0.00048192707
species_oualaniensis,0.0004799567
species_cyanea,0.00047911113
family_Emydidae,0.0004691224
Genus_Pseudacris,0.00046775676
family_Iguanidae,0.00046548704
order_Hymenostomatida,0.00045629253
family_Eleutherodactylidae,0.0004507888
species_ruthenus,0.0004493605
family_Plasmodiidae,0.0004490278
family_Araneidae,0.00044226137
order_Carcharhiniformes,0.0004390678
family_Trichoniscidae,0.00040947273
order_Passeriformes,0.00040377726
Genus_Anaxyrus,0.0003923293
Genus_Egernia,0.00039130906
family_Dicroglossidae,0.0003873292
Genus_Palaemon,0.00038575596
species_viridis,0.00038161196
order_Notostraca,0.00038049155
Genus_Incilius,0.000376661
species_diaphana,0.0003756759
family_Microhylidae,0.0003755738
order_Perciformes,0.00036721834
family_Scaphiopodidae,0.0003650964
family_Ambystomatidae,0.00034564946
species_lugubris,0.00033754954
family_Bagridae,0.00033489746
order_Tritrichomonadida,0.00032705467
family_Plethodontidae,0.00032586794
family_Mustelidae,0.00032354597
order_Apterygiformes,0.00032216523
species_aurantia,0.00031551067
family_Pipidae,0.00031217534
Genus_Pseudoeurycea,0.00030876373
species_niloticus,0.00030706424
Genus_Latrodectus,0.00029964303
family_Scincidae,0.0002957892
family_Drosophilidae,0.0002956338
species_talpoideum,0.00029085996
species_brunnata,0.00028964004
Genus_Oligosoma,0.00028811235
Genus_Menemerus,0.00028807332
Genus_Cicindela,0.00028638158
Genus_Elgaria,0.00028275955
Genus_Austrothelphusa,0.00028231845
Genus_Hemidactylus,0.00028188323
family_Helodermatidae,0.00027702277
species_gueldenstaedtii,0.00027414775
family_Niphargidae,0.000263015
species_virei,0.00025203783
Genus_Dendrobates,0.00024834165
order_Soricomorpha,0.00024625607
Genus_Scaphiopus,0.00024254143
family_Plectreuridae,0.00024120531
species_eremius,0.00024045065
Genus_Lithobates,0.00023785398
species_bimaculoides,0.00023780967
Genus_Fundulus,0.00023269875
species_coqui,0.00023065005
order_Cypriniformes,0.00022879502
species_undulatus,0.00022730463
species_exanthematicus,0.00022367787
species_regilla,0.00022359227
family_Oniscidae,0.0002217199
species_auratus,0.0002209359
species_acanthurus,0.00021956986
species_dorsalis,0.0002178067
family_Squalidae,0.00021331415
Genus_Spalerosophis,0.00021233654
family_Tenebrionidae,0.00021117633
species_deserta,0.00021099574
Genus_Hyla,0.00020879155
Genus_Aphodius,0.00020810252
species_mertensi,0.00020726447
Genus_Xantho,0.00019595983
Genus_Miathyria,0.00019237981
Genus_Hydromantes,0.00018602029
family_Salamandridae,0.00018531777
species_woodhousii,0.00018447672
family_Chelydridae,0.00018398529
family_Amphiumidae,0.000180854
family_Hemiscylliidae,0.00017857095
Genus_Eurycea,0.00017661953
species_gracile,0.00017584873
family_Euphausiidae,0.00017339824
Genus_Teratoscincus,0.00017179044
species_arvalis,0.00017004182
Genus_Aneides,0.00016935359
Genus_Balanus,0.00016917313
species_squirellus,0.00016838673
Genus_Sauromalus,0.00016632951
family_Armadillidiidae,0.00016609083
species_franklini,0.00016469539
order_Gymnophiona,0.00016415799
species_californiensis,0.0001614217
family_Argasidae,0.00016095988
family_Polypteridae,0.0001605635
species_repanda,0.00015565172
order_Gadiformes,0.00015126218
Genus_Bunopus,0.00014902811
species_mexicanum,0.00014805583
order_Halobacteriales,0.0001475898
species_similis,0.00014709788
family_Menippidae,0.0001453145
family_Cancridae,0.00014393925
Genus_Sceloporus,0.00014231083
family_Dendrobatidae,0.00013982617
family_Diplodactylidae,0.00013859547
Genus_Pleuronectes,0.00013787187
species_giganteus,0.00013776957
order_Petromyzontiformes,0.00013730935
order_Isopoda,0.00013647061
species_intermedia,0.00013371812
Genus_Taricha,0.00013256966
family_Triopsidae,0.00013039706
Genus_Oplophorus,0.00013037068
Genus_Atolla,0.0001280481
order_Hymenoptera,0.00012627456
order_Anguilliformes,0.00012587427
Genus_Pterophyllum,0.00012517675
Genus_Plethodon,0.00012376913
family_Trochilidae,0.00012360165
species_macrodactylum,0.00012267161
order_Thermoanaerobacterales,0.00011958141
Genus_Protambulyx,0.0001195301
Genus_Lolliguncula,0.00011838852
order_Araneae,0.00011544085
species_convexus,0.000114773706
Genus_Cacomantis,0.00011467574
species_fulvescens,0.00011428812
species_rosenbergi,0.0001133847
species_crystallorophias,0.00011272622
family_Teiidae,0.000112611015
species_jordani,0.000110672714
family_Gekkonidae,0.0001103573
Genus_Mystus,0.00011016101
Genus_Colostethus,0.0001099482
class_Clostridia,0.00010915315
family_Viperidae,0.00010872881
species_americanus,0.000108428016
family_Hyperoliidae,0.00010839918
species_marinus,0.00010750888
Genus_Rhinella,0.00010657768
Genus_Leiostomus,0.00010623562
Genus_Enyo,0.00010593673
Genus_Morone,0.00010416581
species_unguidentis,0.0001038517
order_Cingulata,0.00010370079
species_variabilis,0.00010359722
family_Ceratophryidae,9.945631e-05
family_Odontophrynidae,9.944407e-05
Genus_Requena,9.905113e-05
family_Cryptobranchidae,9.895405e-05
family_Saturniidae,9.87981e-05
Genus_Ambystoma,9.669075e-05
Genus_Batrachoseps,9.6312164e-05
Genus_Scylla,9.409916e-05
family_Estrildidae,9.3923794e-05
Genus_Varanus,9.183835e-05
family_Phyllodactylidae,9.107311e-05
family_Porcellionidae,9.040663e-05
species_bivittatus,9.025061e-05
Genus_Rhinogobiops,8.988846e-05
Genus_Acanthodactylus,8.977828e-05
family_Blenniidae,8.932173e-05
order_Amblypygi,8.847918e-05
family_Gammaridae,8.8053974e-05
order_Bucerotiformes,8.658204e-05
Genus_Spea,8.627214e-05
Genus_Physosterna,8.601449e-05
Genus_Aspidites,8.5809996e-05
species_arenicolor,8.511828e-05
Genus_Camponotus,8.501181e-05
family_Proteidae,8.4714055e-05
Genus_Pseudotriton,8.435264e-05
Genus_Macrotermes,8.395258e-05
species_erminea,8.3182036e-05
species_tigrinum,8.0244135e-05
species_cirrhosus,7.880527e-05
order_Carnivora,7.7735596e-05
order_Chiroptera,7.633344e-05
species_fontinalis,7.4320655e-05
species_flagellum,7.3630516e-05
family_Acipenseridae,7.362641e-05
species_occidentalis,7.300655e-05
species_glutinosus,7.2554365e-05
order_Erinaceomorpha,7.1385664e-05
family_Trogonophidae,7.0777605e-05
family_Eimeriidae,7.067536e-05
order_Crocodilia,7.047518e-05
species_sirtalis,6.9251255e-05
order_Amphipoda,6.819919e-05
Genus_Illex,6.703992e-05
Genus_Argiope,6.592214e-05
family_Boidae,6.529115e-05
species_cristatus,6.51966e-05
Genus_Terrapene,6.5142536e-05
species_commersonii,6.478453e-05
species_brama,6.3758845e-05
Genus_Colossoma,6.357002e-05
family_Libellulidae,6.152324e-05
family_Gryllidae,6.0763847e-05
species_jeffersonianum,6.0114202e-05
Genus_Mustela,6.009079e-05
family_Triakidae,5.9788374e-05
family_Pythonidae,5.9578066e-05
Genus_Microcerotermes,5.9457012e-05
Genus_Zygoballus,5.8313846e-05
family_Muscicapidae,5.7027573e-05
Genus_Thamnophis,5.6656816e-05
species_alvarius,5.63356e-05
species_panoptes,5.3411295e-05
species_cochranae,5.3320608e-05
Genus_Dendrotriton,5.13698e-05
species_morhua,5.0698833e-05
order_Myxiniformes,4.907161e-05
Genus_Xenopus,4.883752e-05
family_Lacertidae,4.867331e-05
family_Colubridae,4.800966e-05
order_Spheniscoiformes,4.75687e-05
Genus_Pseudopleuronectes,4.6459296e-05
order_Monotremata,4.6170986e-05
Genus_Notophthalmus,4.5035253e-05
family_Monarchidae,4.416558e-05
family_Apterygidae,4.4007294e-05
order_Cuculiformes,4.3616506e-05
Genus_Bufotes,4.2797412e-05
Genus_Eunectes,4.186758e-05
Genus_Eleutherodactylus,4.1728203e-05
species_opacum,4.1622083e-05
Genus_Ctenophorus,4.139386e-05
Genus_Diplodactylus,4.092261e-05
order_Afrosoricida,3.9736406e-05
species_balanus,3.973549e-05
species_gouldii,3.966335e-05
species_owenii,3.901678e-05
order_Dasyuromorphia,3.857758e-05
order_Pleuronectiformes,3.7732407e-05
Genus_Loxosceles,3.7718823e-05
family_Muridae,3.683729e-05
Genus_Oniscus,3.6703084e-05
family_Picidae,3.6477264e-05
Genus_Dipsosaurus,3.6323723e-05
family_Bombinatoridae,3.5786117e-05
Genus_Heloderma,3.5699224e-05
Genus_Ophisaurus,3.5655223e-05
Genus_Coluber,3.55019e-05
species_laevigatus,3.5157933e-05
Genus_Kuhlia,3.487327e-05
family_Galatheidae,3.4833574e-05
species_multicarinata,3.383585e-05
Genus_Semibalanus,3.3791766e-05
family_Acrididae,3.365298e-05
species_serrata,3.2849675e-05
species_marina,3.2833144e-05
family_Aristeidae/Sergestidae,3.2728516e-05
order_Procellariiformes,3.2663876e-05
Genus_Thysanoessa,3.24939e-05
Genus_Gerbillurus,3.2363525e-05
Genus_Lonchura,3.1828953e-05
species_platessa,3.0482504e-05
family_Laridae,3.048108e-05
family_Parastacidae,3.0113259e-05
order_Lagomorpha,3.0034209e-05
Genus_Hylarana,3.0029665e-05
Genus_Eciton,2.9508297e-05
Genus_Osteopilus,2.9485054e-05
order_Struthioniformes,2.9379315e-05
Genus_Hyperolius,2.9067263e-05
species_mactans,2.9018696e-05
family_Blanidae,2.8937278e-05
Genus_Nephrurus,2.8929288e-05
Genus_Coptotermes,2.8635992e-05
species_nerka,2.8564731e-05
Genus_Pituophis,2.8417686e-05
Genus_Drosophila,2.8406179e-05
Genus_Plectreurys,2.7134529e-05
species_locusta,2.6486605e-05
family_Percidae,2.6428692e-05
species_catesbeianus,2.5791023e-05
species_versicolor,2.5397076e-05
species_constrictor,2.4707577e-05
Genus_Sthenoteuthis,2.4606057e-05
order_Anseriformes,2.4428833e-05
family_Acanthizidae,2.3980274e-05
Genus_Cyclura,2.3964094e-05
species_caespitum,2.394946e-05
species_variolosus,2.3378941e-05
species_pacifica,2.331387e-05
Genus_Libellula,2.312372e-05
family_Meliphagidae,2.2694725e-05
family_Octodontidae,2.2609622e-05
Genus_Desmognathus,2.2217924e-05
Genus_Orthorhyncus,2.2185537e-05
Genus_Automeris,2.2028871e-05
family_Scarabaeidae,2.1940532e-05
species_marcella,2.144365e-05
family_Sphingidae,2.1040269e-05
order_Accipitriformes,2.088979e-05
family_Canidae,2.0608026e-05
Genus_Pantherophis,2.0429574e-05
species_hammondii,2.0313102e-05
family_Myobatrachidae,2.0301857e-05
Genus_Iguana,1.9912603e-05
family_Tritrichomonadidae,1.9779252e-05
species_polychroma,1.9543799e-05
species_notatus,1.9351783e-05
species_couchii,1.9236577e-05
family_Kuhliidae,1.9198613e-05
family_Sphaerodactylidae,1.9025703e-05
species_cunninghami,1.8907891e-05
Genus_Puffinus,1.8655206e-05
Genus_Lepidobatrachus,1.8413477e-05
Genus_Bolitoglossa,1.8225039e-05
species_inguinalis,1.789007e-05
Genus_Amphiuma,1.7528379e-05
Genus_Myrmica,1.7516557e-05
species_olivaceus,1.7412973e-05
Genus_Armadillidium,1.7299217e-05
family_Palaemonidae,1.6992835e-05
Genus_Anachalcos,1.6712098e-05
family_Dasypodidae,1.6486782e-05
species_arborea,1.6081181e-05
Genus_Catostomus,1.5487449e-05
family_Alytidae,1.5102604e-05
species_namaycush,1.5028701e-05
species_albigularis,1.5017037e-05
species_yonahlossee,1.497238e-05
species_strigilis,1.4962335e-05
Genus_Cnemidophorus,1.48617355e-05
species_cribripes,1.4837709e-05
Genus_Perognathus,1.459394e-05
Genus_Pycnonotus,1.4524521e-05
Genus_Erythemis,1.4442008e-05
Genus_Moloch,1.4417554e-05
species_ocypete,1.409128e-05
family_Notodontidae,1.3876654e-05
species_catenifer,1.38599935e-05
family_Elapidae,1.3803746e-05
family_Artamidae,1.36482695e-05
Genus_Myxine,1.339701e-05
Genus_Discoglossus,1.3232435e-05
Genus_Cancer,1.3230469e-05
family_Coenobitidae,1.3086226e-05
Genus_Naultinus,1.30806275e-05
Genus_Gilchristella,1.3013363e-05
Genus_Physadesmia,1.2997445e-05
species_macrolepis,1.2953327e-05
family_Myxinidae,1.2698099e-05
species_platycephalus,1.2650376e-05
Genus_Rana,1.2629764e-05
species_septentrionalis,1.2463399e-05
family_Aegithalidae,1.2381625e-05
Genus_Teleogryllus,1.2330232e-05
Genus_Anguis,1.2304706e-05
Genus_Bombina,1.2048022e-05
family_Pleuronectidae,1.1869063e-05
species_ventralis,1.1789183e-05
family_Lycosidae,1.1703176e-05
Genus_Menippe,1.1598449e-05
Genus_Crinia,1.1161764e-05
family_Upupidae,1.1106899e-05
Genus_Chelydra,1.1056841e-05
Genus_Salvadora,1.08033555e-05
Genus_Oreotrochilus,1.0555079e-05
order_Charadriiformes,1.0497118e-05
family_Thermoanaerobacteraceae,1.0193979e-05
species_fuligula,1.0165424e-05
Genus_Bufo,1.00342795e-05
family_Maluridae,1.0003418e-05
order_Beloniformes,9.9280705e-06
Genus_Antaresia,9.876241e-06
family_Calliphoridae,9.835318e-06
family_Sagittidae,9.7114225e-06
family_Telmatobiidae,9.4627885e-06
family_Frontoniidae,9.370415e-06
Genus_Diplometopon,9.347522e-06
family_Diomedeidae,9.261776e-06
species_tuberculatus,9.170085e-06
Genus_Niphargus,9.0705e-06
species_terrestris,8.8024e-06
family_Phrynichidae,8.7037115e-06
family_Phrynosomatidae,8.655201e-06
species_macropomum,8.6308955e-06
Genus_Ptyodactylus,8.621082e-06
family_Protopteridae,8.543751e-06
family_Erinaceidae,8.404698e-06
Genus_Anax,8.3945815e-06
species_leprosa,8.363083e-06
Genus_Pachylia,8.343408e-06
order_Casuariiformes,8.311903e-06
species_diadema,8.1309445e-06
family_Cottidae,8.0112895e-06
Genus_Necturus,7.787451e-06
species_melanocephalus,7.6748765e-06
Genus_Porcellio,7.63832e-06
Genus_Peromyscus,7.3891947e-06
Genus_Neophema,7.3291785e-06
family_Aromobatidae,7.3044753e-06
species_merremii,7.226843e-06
family_Crocodylidae,7.1105733e-06
order_Diprotodontia,6.9490475e-06
species_viridescens,6.9405323e-06
species_laevis,6.901524e-06
family_Rhinotermitidae,6.8438644e-06
species_scalare,6.8189215e-06
species_adspersus,6.7458736e-06
species_spinosus,6.55965e-06
order_Macroscelidea,6.4301194e-06
Genus_Pachydiplax,6.3782604e-06
Genus_Malayopython,6.2966633e-06
species_przewalskii,6.2510494e-06
Genus_Carassius,6.1697424e-06
order_Strigiformes,6.02181e-06
Genus_Triturus,5.8203036e-06
species_macrura,5.8109677e-06
species_verticalis,5.7955876e-06
species_longicauda,5.7904795e-06
species_sp.,5.7151688e-06
order_Artiodactyla,5.6799004e-06
Genus_Perigonia,5.6431863e-06
Genus_Gadus,5.592955e-06
Genus_Lissotriton,5.5693263e-06
Genus_Macrobrachium,5.5483774e-06
family_Furnariidade,5.359843e-06
species_nativitatis,5.320161e-06
species_ruber,5.2453065e-06
Genus_Lipophrys,5.2315104e-06
Genus_Onychoprion,5.2043683e-06
species_cyaneus,5.0696567e-06
species_americana,4.947079e-06
species_guttatus,4.8847633e-06
family_Blaberidae,4.872741e-06
Genus_Hypothymis,4.739254e-06
Genus_Crotalus,4.6975197e-06
species_chalcogrammus,4.6428104e-06
species_cadaverina,4.6406244e-06
family_Dasyuridae,4.5079382e-06
Genus_Amblyrhynchus,4.5013708e-06
species_pardalis,4.3191003e-06
Genus_Erinnyis,4.3068876e-06
species_longipennis,4.298555e-06
Genus_Python,4.2865345e-06
Genus_Fejervarya,4.2399715e-06
species_sandvicensis,4.181135e-06
species_notaeus,4.0938035e-06
Genus_Gammarus,4.066408e-06
family_Struthionidae,4.0050822e-06
species_xanthurus,3.958478e-06
family_Soricidae,3.940344e-06
Genus_Trochilus,3.930146e-06
family_Blattidae,3.913761e-06
Genus_Psammodromus,3.8826133e-06
Genus_Triakis,3.86828e-06
species_orientalis,3.6597849e-06
species_means,3.6117076e-06
Genus_Rattus,3.5714643e-06
Genus_Blanus,3.5377682e-06
Genus_Eacles,3.3679758e-06
Genus_Marpissa,3.3631345e-06
family_Nectariniidae,3.3145543e-06
species_illecebrosus,3.308783e-06
Genus_Syssphinx,3.2761006e-06
species_muscosa,3.2525727e-06
species_attenuatus,3.2411012e-06
species_proximus,3.215989e-06
family_Pycnonotidae,3.1939687e-06
species_transversa,3.1788998e-06
order_Rhynchocephalia,3.1697382e-06
species_murinus,3.1599222e-06
species_alaskensis,3.136345e-06
species_oceanicus,3.1334878e-06
family_Vespertilionidae,3.1095358e-06
family_Anatidae,3.0798126e-06
family_Lithodidae,3.0312438e-06
Genus_Copsychus,3.0210533e-06
species_formosanus,2.9514006e-06
Genus_Boissonneaua,2.941901e-06
family_Tanaoceridae,2.9235002e-06
species_horridum,2.9082903e-06
family_Accipitridae,2.8982674e-06
family_Spheniscudae,2.8871527e-06
species_fragilis,2.870343e-06
species_pagurus,2.8139611e-06
family_Stenasellidae,2.7234025e-06
Genus_Cracticus,2.660505e-06
Genus_Gecarcoidea,2.644745e-06
Genus_Onymacris,2.4392723e-06
species_scutellatus,2.416031e-06
family_Crotaphytidae,2.355166e-06
species_lineata,2.3409448e-06
species_schreiberi,2.2845825e-06
species_galeatus,2.2393863e-06
species_pictus,2.2284728e-06
species_auripennis,2.2073102e-06
Genus_Kaloula,2.2029135e-06
Genus_Hapigia,2.1605606e-06
species_fossarum,2.1509893e-06
species_manukanus,2.0483362e-06
Genus_Crocodylus,2.032699e-06
family_Procellariidae,2.0235975e-06
family_Burramyidae,2.005943e-06
Genus_Acontias,1.9915278e-06
species_llanensis,1.9740544e-06
species_fuscus,1.9646218e-06
species_ficus,1.9566514e-06
species_pulchra,1.883576e-06
Genus_Abrothrix,1.8161219e-06
Genus_Pardosa,1.7936505e-06
species_olfersii,1.7822744e-06
species_levis,1.7821925e-06
Genus_Ctenotus,1.7637803e-06
species_maculatum,1.7538256e-06
species_torquatus,1.7295622e-06
species_ochrophaeus,1.6939708e-06
species_estella,1.6805207e-06
Genus_Myoxocephalus,1.667424e-06
species_fieldi,1.653557e-06
species_simplicicollis,1.6513982e-06
Genus_Scincus,1.6445221e-06
Genus_Silverstoneia,1.5936099e-06
Genus_Trichoniscus,1.5828173e-06
family_Heteromyidae,1.573996e-06
Genus_Cherax,1.5481538e-06
Genus_Rhoptropus,1.4667243e-06
species_melanogaster,1.4313836e-06
species_viridiflavus,1.3623053e-06
Genus_Liasis,1.3531711e-06
species_mercenaria,1.2946141e-06
Genus_Smicrornis,1.292414e-06
Genus_Corallus,1.290781e-06
species_stimsoni,1.2763519e-06
family_Bathyergidae,1.2246958e-06
species_globosa,1.210203e-06
species_pteropus,1.1981464e-06
family_Catostomidae,1.1952751e-06
species_platyurus,1.192933e-06
Genus_Acanthorhynchus,1.1664637e-06
Genus_Munidopsis,1.1628852e-06
species_marmoratus,1.1585787e-06
Genus_Storeria,1.1551427e-06
order_Sphenisciformes,1.148952e-06
family_Felidae,1.1397509e-06
family_Sciuridae,1.1333569e-06
Genus_Neochmia,1.1312881e-06
species_goebeli,1.1296206e-06
species_uropygialis,1.1216632e-06
Genus_Enteroctopus,1.1156926e-06
species_serpentina,1.1093271e-06
species_childreni,1.0523212e-06
Genus_Cryptobranchus,1.0520736e-06
species_baudinii,1.0486704e-06
Genus_Perithemis,1.0384997e-06
family_Passeridae,1.0225865e-06
family_Luciferidae,1.0131876e-06
Genus_Nerodia,1.002471e-06
Genus_Odontophrynus,9.904882e-07
Genus_Gliciphila,9.762435e-07
Genus_Coenobita,9.734554e-07
Genus_Nauphoeta,9.651229e-07
species_tricantha,9.635783e-07
species_nubila,9.315265e-07
Genus_Uta,9.3096577e-07
Genus_Dikerogammarus,9.2670564e-07
species_erythraea,9.192775e-07
Genus_Boa,9.180484e-07
family_Strigidae,9.1339564e-07
order_Coraciiformes,9.082164e-07
species_schmidti,8.7561756e-07
species_temporaria,8.60093e-07
species_molurus,8.589243e-07
species_plana,8.466765e-07
species_lusca,8.3895776e-07
Genus_Intellagama,8.335173e-07
Genus_Telmatobius,8.29243e-07
Genus_Ichthyomyzon,8.1532085e-07
species_mimica,8.010644e-07
species_aestuaria,7.714449e-07
Genus_Mannophryne,7.699854e-07
species_commodus,7.499902e-07
Genus_Upupa,7.348651e-07
Genus_Lampornis,7.31482e-07
species_rex,7.294877e-07
species_asper,7.284631e-07
species_hispidus,7.22448e-07
Genus_Paralomis,7.16409e-07
Genus_Dasyurus,7.161308e-07
species_bufo,6.7844246e-07
species_alleganiensis,6.612086e-07
Genus_Pogonomyrmex,6.5393243e-07
Genus_Lucifer,6.2142647e-07
Genus_Tanaocerus,6.1333895e-07
Genus_Smilisca,6.116756e-07
species_nubicola,6.062377e-07
species_chrysorrhoa,6.058302e-07
Genus_Crocidura,6.0573745e-07
family_Laniidae,6.015882e-07
species_needhami,5.938334e-07
species_fimetarius,5.771777e-07
species_granulosa,5.7474097e-07
species_ater,5.489512e-07
species_getula,5.4110455e-07
Genus_Chaetodipus,5.389158e-07
Genus_Lacerta,5.311882e-07
Genus_Phyllotis,5.269244e-07
Genus_Leptogenys,5.146495e-07
species_chrysoscelis,5.1046504e-07
Genus_Podarcis,4.870779e-07
species_hamatum,4.8282385e-07
species_dekayi,4.779137e-07
species_virilis,4.7508712e-07
Genus_Gekko,4.745643e-07
family_Sturnidae,4.6418302e-07
order_Primates,4.578393e-07
Genus_Procellaria,4.4060226e-07
species_nigrita,4.1756675e-07
order_Spheniscoformes,4.082367e-07
Genus_Crotaphytus,3.9518076e-07
Genus_Pygoscelis,3.7223577e-07
species_opheodurus,3.6856105e-07
Genus_Eugenes,3.6149868e-07
family_Bovidae,3.6036698e-07
family_Stercorariidae,3.5987523e-07
order_Didelphimorphia,3.5746072e-07
species_ferina,3.473321e-07
Genus_Melithreptus,3.281857e-07
species_ferreus,2.7433146e-07
Genus_Blaberus,2.6579178e-07
species_scitulus,2.4303245e-07
species_iguana,2.4167085e-07
species_reticulatus,2.0907989e-07
order_Peramelemorphia,1.8842508e-07
family_Dipodidae,1.7616914e-07
Genus_Meliphaga,1.4583146e-07
Genus_Megadyptes,1.4566254e-07
Genus_Eudyptes,1.3550411e-07
Genus_Microtus,7.8301554e-08
family_Ochotonidae,0.0
family_Odontophoridae,0.0
family_Oecanthidae,0.0
family_Oneirodidae,0.0
family_Ophidiidae,0.0
family_Ornithorhynchidae,0.0
family_Ornithorhynchisae,0.0
family_Orycteropodidae,0.0
family_Osmeridae,0.0
family_Osphronemidae,0.0
family_Osteoglossidae,0.0
family_Pachycephalidae,0.0
family_Paralichthyidae,0.0
family_Pardalotidae,0.0
family_Pellorneidae,0.0
family_Peramelidae,0.0
family_Percichthyidae,0.0
family_Petauridae,0.0
family_Petromyzontidae,0.0
family_Phaethontidae,0.0
family_Phalangeridae,0.0
family_Phascolarctidae,0.0
family_Phasianidae,0.0
family_Phocidae,0.0
family_Phyllostomidae,0.0
family_Pipridae,0.0
family_Platytroctidae,0.0
family_Pleocomidae,0.0
family_Poeciliidae,0.0
family_Pomacentridae,0.0
family_Pomatomidae,0.0
family_Potoroidae,0.0
family_Procaviidae,0.0
family_Procyonidae,0.0
family_Pseudocheiridae,0.0
family_Psittaculidae,0.0
family_Pteropodidae,0.0
family_Ptilocercidae,0.0
family_Pyralidae,0.0
family_Rhopalonematidae,0.0
family_Salticidae,0.0
family_Sanziniidae,0.0
family_Scaridae,0.0
family_Scombridae,0.0
family_Scopelarchidae,0.0
family_Scophthalmidae,0.0
family_Scorpaenidae,0.0
family_Serranidae,0.0
family_Soleidae,0.0
family_Spalacidae,0.0
family_Sparidae,0.0
family_Spheniscidae,0.0
family_Sphenodontidae,0.0
family_Stomiidae,0.0
family_Synbranchidae,0.0
family_Syngnathidae,0.0
family_Tachyglossidae,0.0
family_Talpidae,0.0
family_Tarsipedidae,0.0
family_Tayassuidae,0.0
family_Tenrecidae,0.0
family_Tettigoniidae,0.0
family_Tettigonildae,0.0
family_Thamnophilidae,0.0
family_Thylacomyidae,0.0
family_Trachinidae,0.0
family_Trogidae,0.0
family_Tupaiidae,0.0
family_Turdidae,0.0
family_Typhlonectidae,0.0
family_Viverridae,0.0
family_Vombatidae,0.0
family_Xantusiidae,0.0
family_Zoarcidae,0.0
family_Zosteropidae,0.0
Genus_Acanthagenys,0.0
Genus_Acanthiza,0.0
Genus_Acanthopagrus,0.0
Genus_Acheta,0.0
Genus_Acipenser,0.0
Genus_Acomys,0.0
Genus_Aconaemys,0.0
Genus_Acrantophis,0.0
Genus_Acris,0.0
Genus_Acrocephalus,0.0
Genus_Aepyprymnus,0.0
Genus_Aglantha,0.0
Genus_Ailurus,0.0
Genus_Albula,0.0
Genus_Alburnus,0.0
Genus_Alces,0.0
Genus_Alectoris,0.0
Genus_Alophoixus,0.0
Genus_Amara,0.0
Genus_Ambassis,0.0
Genus_Ameiurus,0.0
Genus_Amoeba,0.0
Genus_Anabas,0.0
Genus_Anarhichas,0.0
Genus_Anas,0.0
Genus_Anolis,0.0
Genus_Anoplogaster,0.0
Genus_Antechinus,0.0
Genus_Aphanius,0.0
Genus_Apis,0.0
Genus_Apodemus,0.0
Genus_Apteryx,0.0
Genus_Aquiloeurycea,0.0
Genus_Arachnothera,0.0
Genus_Arapaima,0.0
Genus_Arborimus,0.0
Genus_Arctogalidia,0.0
Genus_Artibeus,0.0
Genus_Arvicola,0.0
Genus_Aselliscus,0.0
Genus_Atelerix,0.0
Genus_Auliscomys,0.0
Genus_Aythya,0.0
Genus_Baiomys,0.0
Genus_Bajacalifornia,0.0
Genus_Balistes,0.0
Genus_Bassariscus,0.0
Genus_Bathyergus,0.0
Genus_Bathylagoides,0.0
Genus_Bathylagus,0.0
Genus_Benthalbella,0.0
Genus_Blaps,0.0
Genus_Blarina,0.0
Genus_Blatta,0.0
Genus_Bombyx,0.0
Genus_Boreogadus,0.0
Genus_Borostomias,0.0
Genus_Boulengerula,0.0
Genus_Bradypus,0.0
Genus_Brevoortia,0.0
Genus_Burramys,0.0
Genus_Buteo,0.0
Genus_Callimico,0.0
Genus_Callionymus,0.0
Genus_Callipepla,0.0
Genus_Calomys,0.0
Genus_Caluromys,0.0
Genus_Camelus,0.0
Genus_Campostoma,0.0
Genus_Cannomys,0.0
Genus_Capromys,0.0
Genus_Caranx,0.0
Genus_Carapus,0.0
Genus_Carollia,0.0
Genus_Castor,0.0
Genus_Cataglyphis,0.0
Genus_Cavia,0.0
Genus_Centropristis,0.0
Genus_Ceratopipra,0.0
Genus_Cercartetus,0.0
Genus_Cercopithecus,0.0
Genus_Cerdocyon,0.0
Genus_Chaenocephalus,0.0
Genus_Chaetocercus,0.0
Genus_Chaetophractus,0.0
Genus_Chalcides,0.0
Genus_Chalinolobus,0.0
Genus_Channa,0.0
Genus_Channichthys,0.0
Genus_Chanos,0.0
Genus_Cheilinus,0.0
Genus_Cheirogaleus,0.0
Genus_Chiasmodon,0.0
Genus_Chiloscyllium,0.0
Genus_Chionomys,0.0
Genus_Chlorostilbon,0.0
Genus_Choeroniscus,0.0
Genus_Chromis,0.0
Genus_Cichlasoma,0.0
Genus_Circellium,0.0
Genus_Citharichthys,0.0
Genus_Clarias,0.0
Genus_Clinocottus,0.0
Genus_Coendou,0.0
Genus_Colobus,0.0
Genus_Conger,0.0
Genus_Conocephalus,0.0
Genus_Coptodon,0.0
Genus_Coregonus,0.0
Genus_Coryphaena,0.0
Genus_Coryphaenoides,0.0
Genus_Cottus,0.0
Genus_Coturnix,0.0
Genus_Cryptomys,0.0
Genus_Ctenomys,0.0
Genus_Ctenopharyngodon,0.0
Genus_Cubiceps,0.0
Genus_Cuculus,0.0
Genus_Culex,0.0
Genus_Cyclopes,0.0
Genus_Cyclothone,0.0
Genus_Cylisticus,0.0
Genus_Cynomys,0.0
Genus_Cynopterus,0.0
Genus_Cyprinella,0.0
Genus_Cyprinodon,0.0
Genus_Cyprinus,0.0
Genus_Dactylopterus,0.0
Genus_Damon,0.0
Genus_Danio,0.0
Genus_Dascyllus,0.0
Genus_Dasyprocta,0.0
Genus_Dasyuroides,0.0
Genus_Deilephila,0.0
Genus_Desmodillus,0.0
Genus_Desmodus,0.0
Genus_Diadophis,0.0
Genus_Diaphus,0.0
Genus_Dicamptodon,0.0
Genus_Dicentrarchus,0.0
Genus_Dicrostonyx,0.0
Genus_Didelphis,0.0
Genus_Diphylla,0.0
Genus_Diplodus,0.0
Genus_Dipodillus,0.0
Genus_Dipodomys,0.0
Genus_Dobsonia,0.0
Genus_Dorosoma,0.0
Genus_Dromaius,0.0
Genus_Dromiciops,0.0
Genus_Echeneis,0.0
Genus_Echiichthys,0.0
Genus_Echymipera,0.0
Genus_Eimeria,0.0
Genus_Eira,0.0
Genus_Electrona,0.0
Genus_Elephantulus,0.0
Genus_Eligmodontia,0.0
Genus_Embiotoca,0.0
Genus_Encoptolophus,0.0
Genus_Engraulis,0.0
Genus_Enhydra,0.0
Genus_Epicrates,0.0
Genus_Epinephelus,0.0
Genus_Eremitalpa,0.0
Genus_Erimyzon,0.0
Genus_Erinaceus,0.0
Genus_Erpetoichthys,0.0
Genus_Eryx,0.0
Genus_Esox,0.0
Genus_Etheostoma,0.0
Genus_Euchaeta,0.0
Genus_Eudyptula,0.0
Genus_Euphractus,0.0
Genus_Euthynnus,0.0
Genus_Exodon,0.0
Genus_Flaccisagitta,0.0
Genus_Fossa,0.0
Genus_Frontonia,0.0
Genus_Galea,0.0
Genus_Galleria,0.0
Genus_Gambusia,0.0
Genus_Gasterosteus,0.0
Genus_Genetta,0.0
Genus_Geogale,0.0
Genus_Geomys,0.0
Genus_Georychus,0.0
Genus_Geotrupes,0.0
Genus_Geotrypetes,0.0
Genus_Gerbilliscus,0.0
Genus_Gerbillus,0.0
Genus_Gillichthys,0.0
Genus_Girella,0.0
Genus_Glossogobius,0.0
Genus_Glossophaga,0.0
Genus_Glyptonotus,0.0
Genus_Gnathonemus,0.0
Genus_Gobio,0.0
Genus_Gobionotothen,0.0
Genus_Gobius,0.0
Genus_Gracilinanus,0.0
Genus_Graomys,0.0
Genus_Gymnodraco,0.0
Genus_Gymnoscopelus,0.0
Genus_Halobacterium,0.0
Genus_Harpagifer,0.0
Genus_Heliophobius,0.0
Genus_Hemichromis,0.0
Genus_Hemiechinus,0.0
Genus_Heterohyrax,0.0
Genus_Heteromys,0.0
Genus_Heteropneustes,0.0
Genus_Heterotermes,0.0
Genus_Himatione,0.0
Genus_Hippocampus,0.0
Genus_Hippoglossoides,0.0
Genus_Hipposideros,0.0
Genus_Histiotus,0.0
Genus_Homallotermes,0.0
Genus_Hoplerythrinus,0.0
Genus_Hospitalitermes,0.0
Genus_Hybognathus,0.0
Genus_Hydrophis,0.0
Genus_Hylomys,0.0
Genus_Hypera,0.0
Genus_Hystrix,0.0
Genus_Ictalurus,0.0
Genus_Idotea,0.0
Genus_Ips,0.0
Genus_Isoodon,0.0
Genus_Isthmomys,0.0
Genus_Jaculus,0.0
Genus_Katsuwonus,0.0
Genus_Kobus,0.0
Genus_Labeo,0.0
Genus_Labeobarbus,0.0
Genus_Labrus,0.0
Genus_Lagodon,0.0
Genus_Lagorchestes,0.0
Genus_Lama,0.0
Genus_Lampropeltis,0.0
Genus_Lanius,0.0
Genus_Lasiorhinus,0.0
Genus_Lasiurus,0.0
Genus_Lates,0.0
Genus_Lemmus,0.0
Genus_Lemniscomys,0.0
Genus_Leopardus,0.0
Genus_Lepidocephalichthys,0.0
Genus_Lepidogalaxias,0.0
Genus_Lepidophyma,0.0
Genus_Lepomis,0.0
Genus_Leporinus,0.0
Genus_Leptailurus,0.0
Genus_Leptonycteris,0.0
Genus_Leptotila,0.0
Genus_Lepus,0.0
Genus_Leucaspius,0.0
Genus_Leuciscus,0.0
Genus_Leuroglossus,0.0
Genus_Lichanura,0.0
Genus_Lichmera,0.0
Genus_Ligia,0.0
Genus_Limanda,0.0
Genus_Limnonectes,0.0
Genus_Lipolagus,0.0
Genus_Loriculus,0.0
Genus_Loris,0.0
Genus_Lota,0.0
Genus_Loxodontomys,0.0
Genus_Lutjanus,0.0
Genus_Lutreolina,0.0
Genus_Maccullochella,0.0
Genus_Macrognathus,0.0
Genus_Macroscelides,0.0
Genus_Macrotis,0.0
Genus_Madoqua,0.0
Genus_Malacopteron,0.0
Genus_Malurus,0.0
Genus_Manduca,0.0
Genus_Manis,0.0
Genus_Manorina,0.0
Genus_Marmosa,0.0
Genus_Marmota,0.0
Genus_Martes,0.0
Genus_Mastomys,0.0
Genus_Melamphaes,0.0
Genus_Melanerpes,0.0
Genus_Melanocetus,0.0
Genus_Melanogrammus,0.0
Genus_Melanonus,0.0
Genus_Melanoplus,0.0
Genus_Melanostigma,0.0
Genus_Melonycteris,0.0
Genus_Melopsittacus,0.0
Genus_Menidia,0.0
Genus_Meriones,0.0
Genus_Merops,0.0
Genus_Mesocricetus,0.0
Genus_Metachirus,0.0
Genus_Micaelamys,0.0
Genus_Microdipodops,0.0
Genus_Microgale,0.0
Genus_Micropogonias,0.0
Genus_Micropterus,0.0
Genus_Microstomus,0.0
Genus_Mimas,0.0
Genus_Miniopterus,0.0
Genus_Misgurnus,0.0
Genus_Molossus,0.0
Genus_Monodelphis,0.0
Genus_Mugil,0.0
Genus_Musca,0.0
Genus_Myocastor,0.0
Genus_Platichthys,0.0
Genus_Platyrrhinus,0.0
Genus_Plecoglossus,0.0
Genus_Pleocoma,0.0
Genus_Planigale,0.0
Genus_Poecilia,0.0
Genus_Pogona,0.0
Genus_Pollachius,0.0
Genus_Pomacentrus,0.0
Genus_Pomadasys,0.0
Genus_Pomatomus,0.0
Genus_Pomoxis,0.0
Genus_Poromitra,0.0
Genus_Potos,0.0
Genus_Priodontes,0.0
Genus_Proechimys,0.0
Genus_Prohamitermes,0.0
Genus_Pimephales,0.0
Genus_Protophormia,0.0
Genus_Protopterus,0.0
Genus_Psaltriparus,0.0
Genus_Pimelia,0.0
Genus_Pseudobathylagus,0.0
Genus_Pseudobranchus,0.0
Genus_Pseudochaenichthys,0.0
Genus_Pseudomys,0.0
Genus_Pseudonaja,0.0
Genus_Phyllostomus,0.0
Genus_Pteronotus,0.0
Genus_Phrynosoma,0.0
Genus_Pteropus,0.0
Genus_Ptilocercus,0.0
Genus_Puma,0.0
Genus_Phormia,0.0
Genus_Rhadinocentrus,0.0
Genus_Rhinecanthus,0.0
Genus_Phoebastria,0.0
Genus_Phodopus,0.0
Genus_Rhinomugil,0.0
Genus_Rhinonicteris,0.0
Genus_Rhinophylla,0.0
Genus_Rhodeus,0.0
Genus_Rhomboplites,0.0
Genus_Rhyparobia,0.0
Genus_Rousettus,0.0
Genus_Rutilus,0.0
Genus_Saccopteryx,0.0
Genus_Saccostomus,0.0
Genus_Sagamichthys,0.0
Genus_Salmo,0.0
Genus_Phoca,0.0
Genus_Sander,0.0
Genus_Sarcophilus,0.0
Genus_Sarda,0.0
Genus_Sarotherodon,0.0
Genus_Philantomba,0.0
Genus_Scalopus,0.0
Genus_Philander,0.0
Genus_Scardinius,0.0
Genus_Scarus,0.0
Genus_Phenacomys,0.0
Genus_Scelotes,0.0
Genus_Sciurus,0.0
Genus_Scolopsis,0.0
Genus_Scopelengys,0.0
Genus_Scopelogadus,0.0
Genus_Scophthalmus,0.0
Genus_Scorpaena,0.0
Genus_Scotinomys,0.0
Genus_Phascolarctos,0.0
Genus_Sebastes,0.0
Genus_Sebastolobus,0.0
Genus_Sericornis,0.0
Genus_Seriola,0.0
Genus_Serranus,0.0
Genus_Setifer,0.0
Genus_Sigmodon,0.0
Genus_Siren,0.0
Genus_Sisyphus,0.0
Genus_Sitophilus,0.0
Genus_Sminthopsis,0.0
Genus_Solea,0.0
Genus_Sorex,0.0
Genus_Phascogale,0.0
Genus_Sparus,0.0
Genus_Phaethon,0.0
Genus_Sphaerodactylus,0.0
Genus_Sphaeroderus,0.0
Genus_Spheniscus,0.0
Genus_Sphenodon,0.0
Genus_Sphinx,0.0
Genus_Spilocuscus,0.0
Genus_Spilogale,0.0
Genus_Spinachia,0.0
Genus_Spinibarbus,0.0
Genus_Squalus,0.0
Genus_Steatomys,0.0
Genus_Stenasellus,0.0
Genus_Stenobrachius,0.0
Genus_Stenocara,0.0
Genus_Stercorarius,0.0
Genus_Stereomastis,0.0
Genus_Stethojulis,0.0
Genus_Stomias,0.0
Genus_Strepera,0.0
Genus_Struthio,0.0
Genus_Sturnus,0.0
Genus_Sylvilagus,0.0
Genus_Symbolophorus,0.0
Genus_Synbranchus,0.0
Genus_Syngnathus,0.0
Genus_Tachyglossus,0.0
Genus_Tachyoryctes,0.0
Genus_Tamias,0.0
Genus_Petrodromus,0.0
Genus_Tarletonbeania,0.0
Genus_Tarsipes,0.0
Genus_Tautogolabrus,0.0
Genus_Taxidea,0.0
Genus_Tenebrio,0.0
Genus_Petrocephalus,0.0
Genus_Termes,0.0
Genus_Petaurus,0.0
Genus_Petauroides,0.0
Genus_Thalassarche,0.0
Genus_Thallomys,0.0
Genus_Thamnophilus,0.0
Genus_Peropteryx,0.0
Genus_Thermoanaerobacter,0.0
Genus_Thomomys,0.0
Genus_Thorichthys,0.0
Genus_Thrichomys,0.0
Genus_Thunnus,0.0
Genus_Thymallus,0.0
Genus_Tinca,0.0
Genus_Tolypeutes,0.0
Genus_Tonatia,0.0
Genus_Tramea,0.0
Genus_Trematomus,0.0
Genus_Tribolium,0.0
Genus_Trichomonas,0.0
Genus_Trichopodus,0.0
Genus_Trimerotropis,0.0
Genus_Triops,0.0
Genus_Triphoturus,0.0
Genus_Tupaia,0.0
Genus_Lycodichthys,0.0
Genus_Tympanoctomys,0.0
species_vitreus,0.0
Genus_Typhlonectes,0.0
species_vittatus,0.0
Genus_Uroderma,0.0
Genus_Uromys,0.0
species_vitulina,0.0
species_viverrinus,0.0
Genus_Vulpes,0.0
species_viviparus,0.0
Genus_Xantusia,0.0
Genus_Xenodon,0.0
Genus_Periplaneta,0.0
Genus_Xiphophorus,0.0
Genus_Xiphorhynchus,0.0
Genus_Zapus,0.0
Genus_Zoarces,0.0
Genus_Zoothera,0.0
Genus_Zophosis,0.0
Genus_Zosterops,0.0
species_volans,0.0
species_abei,0.0
species_aberti,0.0
species_acanthias,0.0
species_acanthomus,0.0
Genus_Pericapritermes,0.0
species_acclinidens,0.0
species_aceratus,0.0
species_achemenides,0.0
species_acouchy,0.0
species_aculeatus,0.0
species_acuminatus,0.0
species_acus,0.0
species_acuta,0.0
species_acuticeps,0.0
species_acutipennis,0.0
species_adeliae,0.0
species_volitans,0.0
species_aeglefinus,0.0
species_aegyptiacus,0.0
species_aeneus,0.0
species_aequinoctialis,0.0
species_vulgare,0.0
species_aethiopicus,0.0
species_afer,0.0
species_affinis,0.0
species_afra,0.0
species_africaeaustralis,0.0
species_agilis,0.0
species_agrestis,0.0
species_akaara,0.0
species_alalunga,0.0
species_vipera,0.0
species_albicaudatus,0.0
order_Albuliformes,0.0
species_albiventer,0.0
species_albiventris,0.0
species_alburnus,0.0
species_alexis,0.0
species_algirus,0.0
order_Anabantiformes,0.0
species_alpinus,0.0
species_altivelis,0.0
Genus_Percina,0.0
species_amarus,0.0
order_Atheriniformes,0.0
Genus_Perca,0.0
species_amphibius,0.0
species_amplexicaudatus,0.0
species_analis,0.0
species_anatinus,0.0
species_andersoni,0.0
species_andinus,0.0
species_anguilla,0.0
species_annectens,0.0
species_annularis,0.0
species_annulatipes,0.0
species_anomalum,0.0
species_anomalus,0.0
species_antarctica,0.0
species_antarcticus,0.0
species_antipodes,0.0
species_apereoides,0.0
species_aquaticus,0.0
order_Aulopiformes,0.0
species_arcticus,0.0
Genus_Perameles,0.0
species_argenteocinereus,0.0
species_armatus,0.0
species_aruanus,0.0
species_arundinaceus,0.0
Genus_Pelecanoides,0.0
species_asellus,0.0
order_Batrachoidiformes,0.0
order_Beryciformes,0.0
species_atripectoralis,0.0
species_atriventer,0.0
species_attenuata,0.0
order_Calanoida,0.0
species_audubonii,0.0
Genus_Pecari,0.0
species_aurata,0.0
Genus_Patagona,0.0
species_aureus,0.0
species_auricularis,0.0
order_Characiformes,0.0
species_aurita,0.0
species_auritus,0.0
species_aurorubens,0.0
species_australis,0.0
species_autumnalis,0.0
species_azurea,0.0
species_azysron,0.0
species_bacchus,0.0
species_badius,0.0
species_baileyi,0.0
species_balanoides,0.0
Genus_Passer,0.0
species_baltica,0.0
species_bandanensis,0.0
species_bankieri,0.0
species_barbara,0.0
species_barbata,0.0
species_barrerae,0.0
species_batrachus,0.0
order_Chrioptera,0.0
species_beecheyi,0.0
species_bergylta,0.0
species_bernacchii,0.0
species_bicolor,0.0
species_bidens,0.0
species_bilineata,0.0
species_bilobatum,0.0
species_bimaculatum,0.0
species_bimaculatus,0.0
Genus_Parvilux,0.0
species_binotata,0.0
Genus_Parotomys,0.0
species_blennioides,0.0
species_boliviensis,0.0
species_borchgrevinki,0.0
species_borealis,0.0
species_borneensis,0.0
species_bottae,0.0
species_brachyotis,0.0
species_brachyrhynchus,0.0
species_bradfieldi,0.0
Genus_Parophrys,0.0
species_brantsii,0.0
species_braueri,0.0
species_bres,0.0
species_brevicauda,0.0
species_brevicaudata,0.0
species_breviceps,0.0
species_brevirostris,0.0
species_brevis,0.0
species_breweri,0.0
species_bromeliacius,0.0
species_brucei,0.0
order_Cichliformes,0.0
order_Columbiformes,0.0
species_burragei,0.0
species_bursarius,0.0
species_buteo,0.0
species_byrnei,0.0
species_caballus,0.0
order_Esociformes,0.0
order_Eulipotyphla,0.0
species_calabaricus,0.0
species_calbasu,0.0
species_calcarifer,0.0
species_californica,0.0
species_californicus,0.0
Genus_Pardalotus,0.0
species_camelus,0.0
species_campbelli,0.0
species_campechanus,0.0
species_campestris,0.0
species_cana,0.0
species_canadensis,0.0
species_cancriformis,0.0
species_cancrivora,0.0
species_caninus,0.0
species_canorus,0.0
species_capensis,0.0
species_capriscus,0.0
species_caprodes,0.0
species_carassius,0.0
species_carbonarius,0.0
species_carolina,0.0
species_carolinensis,0.0
species_carpio,0.0
order_Galliformes,0.0
order_Gasterosteiformes,0.0
species_catostoma,0.0
species_caudimaculatus,0.0
species_caurinus,0.0
species_cavasius,0.0
species_cenchria,0.0
species_cepedianum,0.0
species_cephalica,0.0
species_cephalus,0.0
species_cervinus,0.0
order_Gonorynchiformes,0.0
species_chanos,0.0
order_Hyracoidea,0.0
species_chiliensis,0.0
species_chromis,0.0
order_Lophiiformes,0.0
order_Microbiotheria,0.0
species_chrysostoma,0.0
species_chukar,0.0
species_cinerea,0.0
species_cinereum,0.0
Genus_Paranotothenia,0.0
order_Mugiliformes,0.0
species_clemenciae,0.0
species_clupeaformis,0.0
Genus_Paraechinus,0.0
species_coelestis,0.0
species_collaris,0.0
species_colletti,0.0
species_colubrinus,0.0
Genus_Paradoxurus,0.0
species_commersonnii,0.0
order_Myctophiformes,0.0
species_compressicauda,0.0
species_compressus,0.0
species_concinnus,0.0
species_concolor,0.0
species_confusum,0.0
species_conger,0.0
species_conspicillatus,0.0
Genus_Turdus,0.0
species_contaminatus,0.0
order_Notoryctemorphia,0.0
Genus_Panthera,0.0
species_coriiceps,0.0
species_cornuta,0.0
species_cornutum,0.0
species_corsula,0.0
species_coucang,0.0
order_Ophidiiformes,0.0
species_cowani,0.0
species_coypus,0.0
species_crassicaudata,0.0
species_crassiceps,0.0
species_crecca,0.0
species_crenularis,0.0
species_crepitans,0.0
order_Orthoperta,0.0
Genus_Pagothenia,0.0
species_crysoleucas,0.0
Genus_Pagetopsis,0.0
species_culeus,0.0
order_Osmeriformes,0.0
species_curasoae,0.0
species_curema,0.0
order_Osteoglossiformes,0.0
species_cyanellus,0.0
order_Phaethontiformes,0.0
species_cyanomos,0.0
species_darwini,0.0
species_dasyurus,0.0
species_davyi,0.0
species_dearborni,0.0
species_degus,0.0
order_Pholidota,0.0
species_delineatus,0.0
species_derbianus,0.0
order_Pilosa,0.0
species_deserti,0.0
species_desmarestianus,0.0
species_destructor,0.0
order_Psittaciformes,0.0
Genus_Pachycephala,0.0
species_didactylus,0.0
species_digitale,0.0
species_diploproa,0.0
species_discoidalis,0.0
species_discolor,0.0
species_dispar,0.0
species_dobsoni,0.0
species_dofleini,0.0
species_dolomieu,0.0
species_domestica,0.0
species_domesticus,0.0
Genus_Otus,0.0
species_dromedarius,0.0
species_dubius,0.0
species_ductor,0.0
species_dumerili,0.0
species_ecaudata,0.0
species_eleanorae,0.0
species_ellipsiprymnus,0.0
species_ello,0.0
species_elongata,0.0
species_elongatus,0.0
species_elpenor,0.0
species_ensatus,0.0
species_epops,0.0
species_equiselis,0.0
species_eremicus,0.0
Genus_Otospermophilus,0.0
order_Scandentia,0.0
order_Spariformes,0.0
species_erythrophthalmus,0.0
order_Stephanoberyciformes,0.0
Genus_Osphronemus,0.0
species_fallax,0.0
species_fasciatus,0.0
species_fasciculatus,0.0
order_Stomiiformes,0.0
order_Synbranchiformes,0.0
order_Tetraodontiformes,0.0
order_Tubulidentata,0.0
family_Acrocephalidae,0.0
species_finlaysoni,0.0
species_fischerae,0.0
Genus_Oryzias,0.0
species_flavigula,0.0
species_flavipes,0.0
species_flaviventris,0.0
species_flavus,0.0
species_flesus,0.0
Genus_Oryx,0.0
Genus_Orycteropus,0.0
species_formicivorus,0.0
family_Adrianichthyidae,0.0
species_fossana,0.0
family_Aeschnidae,0.0
species_fossilis,0.0
species_fossor,0.0
family_Aeshnidae,0.0
Genus_Oryba,0.0
species_frenata,0.0
species_frenatus,0.0
species_frontalis,0.0
species_fulgens,0.0
family_Ailuridae,0.0
family_Albulidae,0.0
species_fulvus,0.0
species_fuscatus,0.0
species_fuscipes,0.0
family_Alepocephalidae,0.0
species_gaigeae,0.0
family_Amoebidae,0.0
species_galgulus,0.0
species_galilaeus,0.0
species_gallinaceum,0.0
species_gapperi,0.0
species_gecko,0.0
species_gelatinosum,0.0
species_geoffroii,0.0
species_geoffroyi,0.0
species_georgianus,0.0
species_georgicus,0.0
family_Anabantidae,0.0
species_gibberifrons,0.0
species_gibbosus,0.0
species_gibbsii,0.0
Genus_Orthodon,0.0
species_gigas,0.0
species_gilesi,0.0
species_gilvus,0.0
species_giuris,0.0
species_glama,0.0
species_glareolus,0.0
species_gliroides,0.0
species_glis,0.0
family_Anarhichadidae,0.0
species_glutinosa,0.0
Genus_Ornithorhynchus,0.0
species_gobio,0.0
species_godmani,0.0
family_Anoplogastridae,0.0
species_goeldii,0.0
species_goramy,0.0
species_gorbuscha,0.0
Genus_Ornithodoros,0.0
family_Anostomidae,0.0
species_gracilipes,0.0
species_graculina,0.0
species_granarius,0.0
species_grandis,0.0
species_granti,0.0
family_Apidae,0.0
species_griselda,0.0
species_griseoflavus,0.0
species_groenlandicus,0.0
species_gronovii,0.0
Genus_Opsanus,0.0
species_guentheri,0.0
species_guereza,0.0
species_guntea,0.0
family_Atherinopsidae,0.0
species_haemobaphes,0.0
species_hallucatus,0.0
family_Atollidae,0.0
family_Balistidae,0.0
species_hansoni,0.0
species_hardii,0.0
species_harrisii,0.0
species_hasselquistii,0.0
species_hastatus,0.0
species_hellerii,0.0
species_henshawi,0.0
species_hermannsburgensis,0.0
species_hermaphroditus,0.0
species_heteroclitus,0.0
species_hexalepis,0.0
species_hexaptera,0.0
species_hildegardeae,0.0
species_hippocampus,0.0
species_hippos,0.0
species_hippurus,0.0
family_Bathydraconidae,0.0
species_holbrooki,0.0
species_homei,0.0
family_Bathylagidae,0.0
species_horridus,0.0
species_hospitalis,0.0
species_hottentotus,0.0
species_hudsonius,0.0
species_humboldti,0.0
species_hydrophilus,0.0
species_idella,0.0
species_idus,0.0
family_Batrachoididae,0.0
family_Bombycidae,0.0
species_immutabilis,0.0
species_imperialis,0.0
species_indistincta,0.0
species_ingens,0.0
family_Bradypodidae,0.0
species_insignis,0.0
family_Callionymidae,0.0
species_intermedius,0.0
species_interrupta,0.0
species_intufi,0.0
species_jaculus,0.0
species_janetta,0.0
species_japonica,0.0
species_japonicus,0.0
species_javanica,0.0
Genus_Ophiodon,0.0
species_johnsonii,0.0
family_Camelidae,0.0
species_jouvenetae,0.0
species_junius,0.0
species_kirkii,0.0
species_kisutch,0.0
species_kitt,0.0
species_kivui,0.0
species_koebeli,0.0
species_labillardieri,0.0
species_labrax,0.0
species_lacertina,0.0
family_Capromyidae,0.0
family_Carangidae,0.0
family_Castoridae,0.0
species_lagopus,0.0
species_lagotis,0.0
species_lalandi,0.0
species_lamberti,0.0
species_lateralis,0.0
species_latifrons,0.0
species_latipes,0.0
species_latipinna,0.0
species_leerii,0.0
species_leo,0.0
species_lepida,0.0
species_lepidogenys,0.0
species_lepidus,0.0
species_leporina,0.0
species_leporinus,0.0
family_Casuariidae,0.0
species_lesueurii,0.0
species_leucas,0.0
species_leuciscus,0.0
species_leucopsarus,0.0
species_leucopus,0.0
species_leucoryx,0.0
family_Caviidae,0.0
species_lewinii,0.0
species_ligustri,0.0
species_limanda,0.0
species_limifrons,0.0
family_Cebidae,0.0
species_lineatus,0.0
species_lituratus,0.0
family_Centrarchidae,0.0
family_Centropomidae,0.0
family_Cercopithecidae,0.0
species_longicaudus,0.0
species_longilabris,0.0
species_longimembris,0.0
species_longinasus,0.0
family_Cervidae,0.0
species_longipilis,0.0
species_longirostra,0.0
species_longirostris,0.0
species_lota,0.0
species_lowii,0.0
species_lucioperca,0.0
species_lucius,0.0
species_ludovicianus,0.0
family_Chaetiliidae,0.0
species_luna,0.0
species_lunatus,0.0
species_lunulata,0.0
family_Chandidae,0.0
species_lutrensis,0.0
species_lutreolus,0.0
species_lutris,0.0
species_lyra,0.0
species_maccormicki,0.0
species_macrochirus,0.0
Genus_Oneirodes,0.0
family_Chanidae,0.0
family_Channichthyidae,0.0
species_macropterus,0.0
species_macrotis,0.0
species_macroura,0.0
species_macrourus,0.0
family_Channidae,0.0
family_Characidae,0.0
species_maculata,0.0
family_Charinidae,0.0
species_maculatus,0.0
species_maculosus,0.0
species_maderae,0.0
species_magellanica,0.0
species_magister,0.0
species_magnus,0.0
species_maja,0.0
species_malacca,0.0
species_malaccensis,0.0
species_maniculatus,0.0
family_Cheirogaleidae,0.0
family_Chiasmodontidae,0.0
species_maricopa,0.0
family_Chrysochloridae,0.0
Genus_Ondatra,0.0
family_Clariidae,0.0
species_martensii,0.0
species_marulius,0.0
species_masquinongy,0.0
species_matacus,0.0
species_matthewsii,0.0
species_maximus,0.0
family_Cobitidae,0.0
species_medius,0.0
species_meeki,0.0
species_megacephalus,0.0
family_Colobinae,0.0
family_Columbidae,0.0
species_melanops,0.0
species_melas,0.0
species_meleagris,0.0
species_mellifera,0.0
species_mellisugus,0.0
species_mellonella,0.0
species_menidia,0.0
species_mentalis,0.0
family_Congridae,0.0
family_Coryphaenidae,0.0
species_merriami,0.0
Genus_Omorgus,0.0
species_merula,0.0
Genus_Oligolepis,0.0
species_mexicanus,0.0
species_microdon,0.0
species_microlepidotus,0.0
species_microps,0.0
species_micropus,0.0
species_microtarsus,0.0
species_milleri,0.0
species_mimax,0.0
family_Crangonidae,0.0
species_minimus,0.0
species_minor,0.0
species_mirabilis,0.0
species_mitis,0.0
species_mitranus,0.0
species_mizolepis,0.0
species_molina,0.0
species_molitor,0.0
species_molossus,0.0
species_moluccensis,0.0
family_Ctenomyidae,0.0
species_montanus,0.0
species_monticola,0.0
Genus_Oecanthus,0.0
species_mori,0.0
species_mossambicus,0.0
species_moubata,0.0
species_mulsant,0.0
family_Cuculidae,0.0
species_multispina,0.0
species_muralis,0.0
family_Culicidae,0.0
family_Cyclopedidae,0.0
species_musculinus,0.0
species_musteloides,0.0
family_Cylisticidae,0.0
species_mystacinus,0.0
species_myurus,0.0
species_namaquensis,0.0
family_Cyprinidae,0.0
species_nanus,0.0
species_narica,0.0
species_nasuta,0.0
species_natalensis,0.0
species_natalis,0.0
family_Cyprinodontidae,0.0
species_naucrates,0.0
species_nebulosus,0.0
family_Dactyloidae,0.0
species_neglecta,0.0
family_Dactylopteridae,0.0
species_neuwiedii,0.0
species_nicholsii,0.0
species_niger,0.0
species_nigricans,0.0
family_Dasyproctidae,0.0
species_nikananu,0.0
Genus_Octomys,0.0
species_nitobei,0.0
species_nivalis,0.0
family_Didelphidae,0.0
family_Diomedediae,0.0
species_novaehollandiae,0.0
family_Echeneidae,0.0
family_Echimyidae,0.0
Genus_Octodon,0.0
species_nudicaudatus,0.0
species_nyroca,0.0
species_oblongus,0.0
Genus_Ochotona,0.0
species_oceanica,0.0
family_Emballonuridae,0.0
species_ochotensis,0.0
species_ochrogaster,0.0
family_Embiotocidae,0.0
species_octodecemspinosus,0.0
family_Engraulidae,0.0
species_ogac,0.0
family_Erethizontidae,0.0
family_Erycidae,0.0
species_olivieri,0.0
Genus_Occidozyga,0.0
family_Erythrinidae,0.0
species_opimus,0.0
species_opisthopterus,0.0
species_opossum,0.0
species_orbicularis,0.0
family_Esocidae,0.0
Genus_Plasmodium,0.0
species_ornatus,0.0
Genus_Nyctophilus,0.0
family_Euchaetidae,0.0
species_pachyrhynchus,0.0
family_Eupleridae,0.0
species_paeba,0.0
species_paedulcus,0.0
species_paganellus,0.0
family_Fringillidae,0.0
species_pallidipennis,0.0
species_pallidus,0.0
species_palustris,0.0
species_pammelas,0.0
species_panamensis,0.0
Genus_Nyctimene,0.0
species_paradoxus,0.0
family_Gasterosteidae,0.0
species_parinsignifera,0.0
species_parvipinnis,0.0
species_parvus,0.0
species_pectoralis,0.0
species_peelii,0.0
species_pelamis,0.0
species_pennellii,0.0
species_pennsylvanicus,0.0
species_personatus,0.0
species_perspicillata,0.0
species_petersii,0.0
species_pholis,0.0
family_Geomyidae,0.0
species_pilorides,0.0
species_pirrensis,0.0
species_plagiosum,0.0
family_Geotrupidae,0.0
family_Gonostomatidae,0.0
species_platessoides,0.0
species_platurus,0.0
family_Haemulidae,0.0
family_Halobacteriaceae,0.0
species_poensis,0.0
species_pollachius,0.0
family_Harpagiferidae,0.0
species_pomo,0.0
species_porcellus,0.0
species_porcus,0.0
species_porosus,0.0
species_portoricensis,0.0
species_postica,0.0
species_pratensis,0.0
species_prehensilis,0.0
species_princeps,0.0
species_proboscideus,0.0
species_promelas,0.0
species_proteus,0.0
family_Herpelidae,0.0
family_Heteropneustidae,0.0
family_Hexagrammidae,0.0
species_pulchella,0.0
family_Hipposideridae,0.0
species_punctata,0.0
species_punctatus,0.0
species_pusilla,0.0
species_pusillus,0.0
species_putorius,0.0
species_quadramaculatus,0.0
species_quadridens,0.0
species_quadripunctatus,0.0
species_quenseli,0.0
species_quinqueradiata,0.0
species_radula,0.0
species_regale,0.0
Genus_Nycticebus,0.0
species_regina,0.0
Genus_Notothenia,0.0
species_repleta,0.0
species_rerio,0.0
species_reticulata,0.0
family_Hystricidae,0.0
family_Ictaluridae,0.0
species_rhenorhodanensis,0.0
species_rhinoceratus,0.0
species_rhombifer,0.0
species_rhomboides,0.0
species_rhombus,0.0
species_ritteri,0.0
species_rivularis,0.0
species_robinsoni,0.0
species_rodricensis,0.0
species_rohita,0.0
Genus_Notoryctes,0.0
species_rossii,0.0
Genus_Notomys,0.0
species_rostratus,0.0
species_rotundus,0.0
family_Idoteidae,0.0
species_rubescens,0.0
species_rubricauda,0.0
species_rufescens,0.0
species_rufina,0.0
species_rufipes,0.0
species_rufogularis,0.0
species_rugosus,0.0
species_russula,0.0
species_rustica,0.0
Genus_Notemigonus,0.0
species_rutilus,0.0
species_sagrei,0.0
species_saida,0.0
species_salamandroides,0.0
species_salar,0.0
species_salinarum,0.0
species_salmoides,0.0
species_saltatrix,0.0
family_Kyphosidae,0.0
species_sanguinea,0.0
species_sardinella,0.0
species_sargus,0.0
species_saularis,0.0
species_saxatilis,0.0
species_scaber,0.0
family_Labridae,0.0
species_schlegeli,0.0
species_schlegelii,0.0
family_Lepidogalaxiidae,0.0
family_Leporidae,0.0
species_schreibersii,0.0
family_Ligiidae,0.0
species_scops,0.0
species_scorpius,0.0
species_scriba,0.0
species_sculpta,0.0
family_Loliginidae,0.0
species_semifasciata,0.0
species_semispinosus,0.0
species_sepsoides,0.0
family_Lorisidae,0.0
species_seraphini,0.0
species_sericeus,0.0
family_Lutjanidae,0.0
family_Macropodidae,0.0
species_serrula,0.0
species_serval,0.0
species_setosus,0.0
species_setzeri,0.0
species_sexcinctus,0.0
species_signifera,0.0
Genus_Noctilio,0.0
species_simplex,0.0
family_Macroscelididae,0.0
species_sinensis,0.0
family_Macrouridae,0.0
species_sloggetti,0.0
species_solea,0.0
species_sordidus,0.0
species_soricina,0.0
family_Manidae,0.0
species_spinachia,0.0
species_spiniger,0.0
species_spinosissimus,0.0
family_Mastacembelidae,0.0
species_splendens,0.0
Genus_Ningaui,0.0
species_stansburiana,0.0
Genus_Neurotrichus,0.0
species_stenostomus,0.0
species_stigmaeus,0.0
species_stilbius,0.0
family_Melamphaidae,0.0
species_striata,0.0
species_striatus,0.0
family_Melanocetidae,0.0
species_stuartii,0.0
species_stygius,0.0
species_suaveolens,0.0
species_suillus,0.0
species_sumichrasti,0.0
species_sungorus,0.0
species_tahoensis,0.0
species_taitana,0.0
species_tajacu,0.0
Genus_Netta,0.0
species_tapoatafa,0.0
species_tardigradus,0.0
species_tarsalis,0.0
species_tau,0.0
species_taxus,0.0
species_taylori,0.0
species_teguina,0.0
species_temporalis,0.0
family_Melanonidae,0.0
species_tenella,0.0
species_tenera,0.0
species_tenuior,0.0
species_tenuirostris,0.0
species_ternatensis,0.0
species_terraenovae,0.0
family_Melanotaeniidae,0.0
species_testudineus,0.0
species_tetradactylus,0.0
species_theta,0.0
species_thous,0.0
species_tigrina,0.0
family_Mephitidae,0.0
species_tigris,0.0
species_tiliae,0.0
species_timidus,0.0
species_tinca,0.0
family_Meropidae,0.0
species_townsendii,0.0
family_Microbiotheriidae,0.0
family_Miniopteridae,0.0
family_Molossidae,0.0
species_tricuspidatus,0.0
species_trimucronatus,0.0
species_trinitatis,0.0
Genus_Neotoma,0.0
species_tristrami,0.0
species_trivirgata,0.0
species_tshawytscha,0.0
family_Mormoopidae,0.0
species_typus,0.0
species_tyrannus,0.0
species_tytonis,0.0
species_umbrinus,0.0
Genus_Neopomacentrus,0.0
family_Mormyridae,0.0
species_unitaeniatus,0.0
family_Mugilidae,0.0
species_vaginalis,0.0
species_vallinus,0.0
species_vanhoeffeni,0.0
family_Muscidae,0.0
species_variegatus,0.0
family_Myctophidae,0.0
species_velatus,0.0
species_vellerosus,0.0
family_Myocastoridae,0.0
species_venustus,0.0
species_verreauxi,0.0
species_verrilli,0.0
family_Myrmecobiidae,0.0
family_Nandiniidae,0.0
species_vetulus,0.0
species_vicinus,0.0
species_vigilax,0.0
species_vigilis,0.0
species_villosus,0.0
species_virginiana,0.0
species_wesethi,0.0
species_whiteleggii,0.0
species_wiedii,0.0
species_witherbyi,0.0
family_Nemipteridae,0.0
species_xanthognathus,0.0
family_Neoscopelidae,0.0
family_Nesomyidae,0.0
species_yvonnae,0.0
species_zarudnyi,0.0
species_zerda,0.0
species_zibethicus,0.0
species_zillii,0.0
species_zugmayeri,0.0
species_vulpes,0.0
family_Noctilionidae,0.0
Genus_Naucrates,0.0
Genus_Nasutitermes,0.0
Genus_Nasua,0.0
Genus_Napaeozapus,0.0
Genus_Nannobrachium,0.0
Genus_Nandinia,0.0
family_Nomeidae,0.0
Genus_Mystromys,0.0
family_Notoryctidae,0.0
Genus_Myrmecobius,0.0
family_Nototheniidae,0.0
Genus_Myotomys,0.0
Genus_Myoprocta,0.0
Genus_Myodes,0.0
species_ornata,0.0
