match_id,species_normalized,tree_species,csv_species
1,Bdellovibrio bacteriovorus,Bdellovibrio bacteriovorus,Bdellovibrio bacteriovorus
2,Syntrophobacter fumaroxidans,Syntrophobacter fumaroxidans,Syntrophobacter fumaroxidans
3,Desulfobulbus propionicus,Desulfobulbus propionicus,Desulfobulbus propionicus
4,Myxococcus xanthus,Myxococcus xanthus,Myxococcus xanthus
5,Desulfovibrio desulfuricans,Desulfovibrio desulfuricans,Desulfovibrio desulfuricans
6,Methylosinus trichosporium,Methylosinus trichosporium,Methylosinus trichosporium
7,Bradyrhizobium japonicum,Bradyrhizobium japonicum,Bradyrhizobium japonicum
8,Nitrobacter winogradskyi,Nitrobacter winogradskyi,Nitrobacter winogradskyi
10,Azorhizobium caulinodans,Azorhizobium caulinodans,Azorhizobium caulinodans
11,Agrobacterium tumefaciens,Agrobacterium tumefaciens,Agrobacterium tumefaciens
12,Rhizobium leguminosarum,Rhizobium leguminosarum,Rhizobium leguminosarum
14,Aminobacter lissarensis,Aminobacter lissarensis,Aminobacter lissarensis
15,Brucella melitensis,Brucella melitensis,Brucella melitensis
17,Paracoccus denitrificans,Paracoccus denitrificans,Paracoccus denitrificans
18,Zymomonas mobilis,Zymomonas mobilis,Zymomonas mobilis
20,Acetobacter aceti,Acetobacter aceti,Acetobacter aceti
23,Rhodospirillum rubrum,Rhodospirillum rubrum,Rhodospirillum rubrum
24,Azospirillum brasilense,Azospirillum brasilense,Azospirillum brasilense
25,Azospirillum lipoferum,Azospirillum lipoferum,Azospirillum lipoferum
27,Halomonas halodenitrificans,Halomonas halodenitrificans,Halomonas halodenitrificans
28,Pseudomonas fluorescens,Pseudomonas fluorescens,Pseudomonas fluorescens
29,Pseudomonas putida,Pseudomonas putida,Pseudomonas putida
30,Azotobacter chroococcum,Azotobacter chroococcum,Azotobacter chroococcum
31,Pseudomonas aeruginosa,Pseudomonas aeruginosa,Pseudomonas aeruginosa
32,Azotobacter vinelandii,Azotobacter vinelandii,Azotobacter vinelandii
33,Acinetobacter baumannii,Acinetobacter baumannii,Acinetobacter baumannii
34,Acinetobacter johnsonii,Acinetobacter johnsonii,Acinetobacter johnsonii
35,Acinetobacter calcoaceticus,Acinetobacter calcoaceticus,Acinetobacter calcoaceticus
37,Escherichia coli,Escherichia coli,Escherichia coli
39,Enterobacter cloacae,Enterobacter cloacae,Enterobacter cloacae
40,Klebsiella aerogenes,Klebsiella aerogenes,Klebsiella aerogenes
42,Proteus vulgaris,Proteus vulgaris,Proteus vulgaris
43,Yersinia pestis,Yersinia pestis,Yersinia pestis
44,Serratia marcescens,Serratia marcescens,Serratia marcescens
45,Haemophilus influenzae,Haemophilus influenzae,Haemophilus influenzae
46,Haemophilus parainfluenzae,Haemophilus parainfluenzae,Haemophilus parainfluenzae
47,Vibrio metschnikovii,Vibrio metschnikovii,Vibrio metschnikovii
48,Vibrio anguillarum,Vibrio anguillarum,Vibrio anguillarum
49,Vibrio parahaemolyticus,Vibrio parahaemolyticus,Vibrio parahaemolyticus
50,Vibrio natriegens,Vibrio natriegens,Vibrio natriegens
51,Vibrio alginolyticus,Vibrio alginolyticus,Vibrio alginolyticus
54,Francisella tularensis,Francisella tularensis,Francisella tularensis
55,Legionella pneumophila,Legionella pneumophila,Legionella pneumophila
57,Thiocapsa roseopersicina,Thiocapsa roseopersicina,Thiocapsa roseopersicina
59,Thiocystis violacea,Thiocystis violacea,Thiocystis violacea
61,Xanthomonas axonopodis,Xanthomonas axonopodis,Xanthomonas axonopodis
62,Methylophilus methylotrophus,Methylophilus methylotrophus,Methylophilus methylotrophus
63,Nitrosomonas europaea,Nitrosomonas europaea,Nitrosomonas europaea
64,Taylorella equigenitalis,Taylorella equigenitalis,Taylorella equigenitalis
65,Achromobacter ruhlandii,Achromobacter ruhlandii,Achromobacter ruhlandii
66,Sphaerotilus natans,Sphaerotilus natans,Sphaerotilus natans
69,Acidovorax facilis,Acidovorax facilis,Acidovorax facilis
70,Delftia acidovorans,Delftia acidovorans,Delftia acidovorans
71,Neisseria elongata,Neisseria elongata,Neisseria elongata
72,Neisseria gonorrhoeae,Neisseria gonorrhoeae,Neisseria gonorrhoeae
73,Neisseria sicca,Neisseria sicca,Neisseria sicca
78,Oscillatoria limosa,Oscillatoria limosa,Oscillatoria limosa
79,Oscillatoria terebriformis,Oscillatoria terebriformis,Oscillatoria terebriformis
80,Synechocystis aquatilis,Synechocystis aquatilis,Synechocystis aquatilis
84,Nostoc commune,Nostoc commune,Nostoc commune
86,Planktothrix agardhii,Planktothrix agardhii,Planktothrix agardhii
87,Gloeobacter violaceus,Gloeobacter violaceus,Gloeobacter violaceus
88,Mycoplasma gallisepticum,Mycoplasma gallisepticum,Mycoplasma gallisepticum
89,Mycoplasma capricolum,Mycoplasma capricolum,Mycoplasma capricolum
91,Acholeplasma laidlawii,Acholeplasma laidlawii,Acholeplasma laidlawii
92,Bacillus cereus,Bacillus cereus,Bacillus cereus
93,Bacillus subtilis,Bacillus subtilis,Bacillus subtilis
94,Bacillus licheniformis,Bacillus licheniformis,Bacillus licheniformis
95,Bacillus pumilus,Bacillus pumilus,Bacillus pumilus
98,Sporosarcina ureae,Sporosarcina ureae,Sporosarcina ureae
99,Staphylococcus epidermidis,Staphylococcus epidermidis,Staphylococcus epidermidis
100,Staphylococcus aureus,Staphylococcus aureus,Staphylococcus aureus
104,Bacillus acidocaldarius,Bacillus acidocaldarius,Bacillus acidocaldarius
107,Pediococcus acidilactici,Pediococcus acidilactici,Pediococcus acidilactici
109,Enterococcus cecorum,Enterococcus cecorum,Enterococcus cecorum
110,Enterococcus faecalis,Enterococcus faecalis,Enterococcus faecalis
111,Streptococcus agalactiae,Streptococcus agalactiae,Streptococcus agalactiae
112,Streptococcus thermophilus,Streptococcus thermophilus,Streptococcus thermophilus
113,Streptococcus pneumoniae,Streptococcus pneumoniae,Streptococcus pneumoniae
114,Streptococcus pyogenes,Streptococcus pyogenes,Streptococcus pyogenes
115,Lactococcus lactis,Lactococcus lactis,Lactococcus lactis
117,Micrococcus luteus,Micrococcus luteus,Micrococcus luteus
118,Arthrobacter globiformis,Arthrobacter globiformis,Arthrobacter globiformis
119,Arthrobacter crystallopoietes,Arthrobacter crystallopoietes,Arthrobacter crystallopoietes
120,Nocardia farcinica,Nocardia farcinica,Nocardia farcinica
121,Mycobacterium tuberculosis,Mycobacterium tuberculosis,Mycobacterium tuberculosis
124,Cellvibrio gilvus,Cellvibrio gilvus,Cellvibrio gilvus
125,Methanobacterium formicicum,Methanobacterium formicicum,Methanobacterium formicicum
126,Halobacterium salinarum,Halobacterium salinarum,Halobacterium salinarum
127,Methanospirillum hungatei,Methanospirillum hungatei,Methanospirillum hungatei
128,Picrophilus oshimae,Picrophilus oshimae,Picrophilus oshimae
129,Saccharomyces cerevisiae,Saccharomyces cerevisiae,Saccharomyces cerevisiae
130,Squalus acanthias,Squalus acanthias,Squalus acanthias
131,Chiloscyllium plagiosum,Chiloscyllium plagiosum,Chiloscyllium plagiosum
132,Triakis semifasciata,Triakis semifasciata,Triakis semifasciata
133,Scyliorhinus canicula,Scyliorhinus canicula,Scyliorhinus canicula
134,Lepidogalaxias salamandroides,Lepidogalaxias salamandroides,Lepidogalaxias salamandroides
135,Pseudobathylagus milleri,Pseudobathylagus milleri,Pseudobathylagus milleri
136,Bathylagus antarcticus,Bathylagus antarcticus,Bathylagus antarcticus
137,Leuroglossus stilbius,Leuroglossus stilbius,Leuroglossus stilbius
140,Esox lucius,Esox lucius,Esox lucius
141,Esox masquinongy,Esox masquinongy,Esox masquinongy
142,Oncorhynchus mykiss,Oncorhynchus mykiss,Oncorhynchus mykiss
143,Oncorhynchus tshawytscha,Oncorhynchus tshawytscha,Oncorhynchus tshawytscha
144,Oncorhynchus kisutch,Oncorhynchus kisutch,Oncorhynchus kisutch
145,Oncorhynchus gorbuscha,Oncorhynchus gorbuscha,Oncorhynchus gorbuscha
146,Oncorhynchus nerka,Oncorhynchus nerka,Oncorhynchus nerka
147,Salvelinus namaycush,Salvelinus namaycush,Salvelinus namaycush
148,Salvelinus alpinus,Salvelinus alpinus,Salvelinus alpinus
149,Salvelinus fontinalis,Salvelinus fontinalis,Salvelinus fontinalis
150,Salmo salar,Salmo salar,Salmo salar
151,Thymallus arcticus arcticus,Thymallus arcticus arcticus,Thymallus arcticus arcticus
152,Coregonus sardinella,Coregonus sardinella,Coregonus sardinella
153,Coregonus clupeaformis,Coregonus clupeaformis,Coregonus clupeaformis
154,Coregonus autumnalis autumnalis,Coregonus autumnalis autumnalis,Coregonus autumnalis autumnalis
155,Carapus homei,Carapus homei,Carapus homei
156,Lutjanus campechanus,Lutjanus campechanus,Lutjanus campechanus
157,Rhomboplites aurorubens,Rhomboplites aurorubens,Rhomboplites aurorubens
158,Pomadasys commersonnii,Pomadasys commersonnii,Pomadasys commersonnii
160,Diplodus sargus sargus,Diplodus sargus sargus,Diplodus sargus sargus
162,Lagodon rhomboides,Lagodon rhomboides,Lagodon rhomboides
163,Scolopsis bilineata,Scolopsis bilineata,Scolopsis bilineata
164,Rhinecanthus aculeatus,Rhinecanthus aculeatus,Rhinecanthus aculeatus
165,Balistes capriscus,Balistes capriscus,Balistes capriscus
166,Melanocetus johnsonii,Melanocetus johnsonii,Melanocetus johnsonii
167,Oneirodes acanthias,Oneirodes acanthias,Oneirodes acanthias
168,Micropogonias undulatus,Micropogonias undulatus,Micropogonias undulatus
169,Leiostomus xanthurus,Leiostomus xanthurus,Leiostomus xanthurus
170,Dicentrarchus labrax,Dicentrarchus labrax,Dicentrarchus labrax
171,Morone saxatilis,Morone saxatilis,Morone saxatilis
172,Morone americana,Morone americana,Morone americana
173,Stethojulis bandanensis,Stethojulis bandanensis,Stethojulis bandanensis
174,Scarus schlegeli,Scarus schlegeli,Scarus schlegeli
175,Cheilinus fasciatus,Cheilinus fasciatus,Cheilinus fasciatus
176,Tautogolabrus adspersus,Tautogolabrus adspersus,Tautogolabrus adspersus
177,Labrus bergylta,Labrus bergylta,Labrus bergylta
178,Kuhlia sandvicensis,Kuhlia sandvicensis,Kuhlia sandvicensis
179,Girella nigricans,Girella nigricans,Girella nigricans
180,Micropterus dolomieu,Micropterus dolomieu,Micropterus dolomieu
181,Micropterus salmoides,Micropterus salmoides,Micropterus salmoides
182,Lepomis gibbosus,Lepomis gibbosus,Lepomis gibbosus
183,Lepomis macrochirus,Lepomis macrochirus,Lepomis macrochirus
184,Lepomis cyanellus,Lepomis cyanellus,Lepomis cyanellus
185,Pomoxis annularis,Pomoxis annularis,Pomoxis annularis
186,Maccullochella peelii,Maccullochella peelii,Maccullochella peelii
187,Percina caprodes,Percina caprodes,Percina caprodes
188,Etheostoma blennioides,Etheostoma blennioides,Etheostoma blennioides
191,Sander lucioperca,Sander lucioperca,Sander lucioperca
192,Perca fluviatilis,Perca fluviatilis,Perca fluviatilis
193,Sebastolobus altivelis,Sebastolobus altivelis,Sebastolobus altivelis
194,Sebastes diploproa,Sebastes diploproa,Sebastes diploproa
195,Scorpaena porcus,Scorpaena porcus,Scorpaena porcus
196,Ophiodon elongatus,Ophiodon elongatus,Ophiodon elongatus
197,Cottus gobio,Cottus gobio,Cottus gobio
198,Clinocottus analis,Clinocottus analis,Clinocottus analis
199,Myoxocephalus octodecemspinosus,Myoxocephalus octodecemspinosus,Myoxocephalus octodecemspinosus
200,Myoxocephalus scorpius,Myoxocephalus scorpius,Myoxocephalus scorpius
201,Gasterosteus aculeatus aculeatus,Gasterosteus aculeatus aculeatus,Gasterosteus aculeatus aculeatus
202,Spinachia spinachia,Spinachia spinachia,Spinachia spinachia
203,Melanostigma pammelas,Melanostigma pammelas,Melanostigma pammelas
204,Melanostigma gelatinosum,Melanostigma gelatinosum,Melanostigma gelatinosum
205,Lycodichthys dearborni,Lycodichthys dearborni,Lycodichthys dearborni
206,Zoarces viviparus,Zoarces viviparus,Zoarces viviparus
207,Anarhichas minor,Anarhichas minor,Anarhichas minor
208,Pagothenia borchgrevinki,Pagothenia borchgrevinki,Pagothenia borchgrevinki
209,Trematomus bernacchii,Trematomus bernacchii,Trematomus bernacchii
210,Trematomus hansoni,Trematomus hansoni,Trematomus hansoni
211,Trematomus pennellii,Trematomus pennellii,Trematomus pennellii
212,Gobionotothen gibberifrons,Gobionotothen gibberifrons,Gobionotothen gibberifrons
213,Pseudochaenichthys georgianus,Pseudochaenichthys georgianus,Pseudochaenichthys georgianus
214,Pagetopsis macropterus,Pagetopsis macropterus,Pagetopsis macropterus
215,Channichthys rhinoceratus,Channichthys rhinoceratus,Channichthys rhinoceratus
216,Chaenocephalus aceratus,Chaenocephalus aceratus,Chaenocephalus aceratus
217,Gymnodraco acuticeps,Gymnodraco acuticeps,Gymnodraco acuticeps
218,Harpagifer georgianus,Harpagifer georgianus,Harpagifer georgianus
219,Paranotothenia magellanica,Paranotothenia magellanica,Paranotothenia magellanica
220,Notothenia coriiceps,Notothenia coriiceps,Notothenia coriiceps
221,Notothenia neglecta,Notothenia neglecta,Notothenia neglecta
222,Notothenia rossii,Notothenia rossii,Notothenia rossii
224,Serranus scriba,Serranus scriba,Serranus scriba
225,Centropristis striata,Centropristis striata,Centropristis striata
226,Epinephelus akaara,Epinephelus akaara,Epinephelus akaara
227,Echiichthys vipera,Echiichthys vipera,Echiichthys vipera
228,Channa marulius,Channa marulius,Channa marulius
229,Channa striata,Channa striata,Channa striata
230,Channa punctata,Channa punctata,Channa punctata
231,Channa orientalis,Channa orientalis,Channa orientalis
232,Osphronemus goramy,Osphronemus goramy,Osphronemus goramy
233,Trichopodus leerii,Trichopodus leerii,Trichopodus leerii
236,Anabas testudineus,Anabas testudineus,Anabas testudineus
237,Macrognathus aculeatus,Macrognathus aculeatus,Macrognathus aculeatus
238,Synbranchus marmoratus,Synbranchus marmoratus,Synbranchus marmoratus
239,Hippoglossoides platessoides,Hippoglossoides platessoides,Hippoglossoides platessoides
240,Limanda limanda,Limanda limanda,Limanda limanda
241,Parophrys vetulus,Parophrys vetulus,Parophrys vetulus
242,Platichthys flesus,Platichthys flesus,Platichthys flesus
243,Platichthys stellatus,Platichthys stellatus,Platichthys stellatus
244,Pleuronectes platessa,Pleuronectes platessa,Pleuronectes platessa
245,Pseudopleuronectes americanus,Pseudopleuronectes americanus,Pseudopleuronectes americanus
246,Microstomus kitt,Microstomus kitt,Microstomus kitt
247,Citharichthys stigmaeus,Citharichthys stigmaeus,Citharichthys stigmaeus
248,Scophthalmus maximus,Scophthalmus maximus,Scophthalmus maximus
249,Scophthalmus rhombus,Scophthalmus rhombus,Scophthalmus rhombus
250,Solea solea,Solea solea,Solea solea
251,Caranx hippos,Caranx hippos,Caranx hippos
252,Caranx caballus,Caranx caballus,Caranx caballus
253,Seriola quinqueradiata,Seriola quinqueradiata,Seriola quinqueradiata
254,Seriola lalandi,Seriola lalandi,Seriola lalandi
255,Naucrates ductor,Naucrates ductor,Naucrates ductor
256,Coryphaena equiselis,Coryphaena equiselis,Coryphaena equiselis
257,Coryphaena hippurus,Coryphaena hippurus,Coryphaena hippurus
258,Echeneis naucrates,Echeneis naucrates,Echeneis naucrates
260,Cichlasoma bimaculatum,Cichlasoma bimaculatum,Cichlasoma bimaculatum
261,Thorichthys meeki,Thorichthys meeki,Thorichthys meeki
262,Pterophyllum scalare,Pterophyllum scalare,Pterophyllum scalare
263,Coptodon zillii,Coptodon zillii,Coptodon zillii
265,Oreochromis mossambicus,Oreochromis mossambicus,Oreochromis mossambicus
266,Oreochromis aureus,Oreochromis aureus,Oreochromis aureus
267,Oreochromis niloticus niloticus,Oreochromis niloticus niloticus,Oreochromis niloticus niloticus
268,Hemichromis bimaculatus,Hemichromis bimaculatus,Hemichromis bimaculatus
269,Rhadinocentrus ornatus,Rhadinocentrus ornatus,Rhadinocentrus ornatus
270,Menidia menidia,Menidia menidia,Menidia menidia
271,Oryzias latipes,Oryzias latipes,Oryzias latipes
272,Cyprinodon variegatus variegatus,Cyprinodon variegatus variegatus,Cyprinodon variegatus variegatus
273,Fundulus similis,Fundulus similis,Fundulus similis
274,Fundulus heteroclitus heteroclitus,Fundulus heteroclitus heteroclitus,Fundulus heteroclitus heteroclitus
275,Fundulus parvipinnis,Fundulus parvipinnis,Fundulus parvipinnis
276,Xiphophorus hellerii,Xiphophorus hellerii,Xiphophorus hellerii
277,Gambusia affinis,Gambusia affinis,Gambusia affinis
278,Gambusia holbrooki,Gambusia holbrooki,Gambusia holbrooki
279,Poecilia latipinna,Poecilia latipinna,Poecilia latipinna
280,Poecilia reticulata,Poecilia reticulata,Poecilia reticulata
281,Aphanius dispar dispar,Aphanius dispar dispar,Aphanius dispar dispar
282,Lipophrys pholis,Lipophrys pholis,Lipophrys pholis
283,Chromis chromis,Chromis chromis,Chromis chromis
284,Dascyllus aruanus,Dascyllus aruanus,Dascyllus aruanus
285,Dascyllus reticulatus,Dascyllus reticulatus,Dascyllus reticulatus
286,Chromis atripectoralis,Chromis atripectoralis,Chromis atripectoralis
287,Chromis ternatensis,Chromis ternatensis,Chromis ternatensis
288,Pomacentrus lepidogenys,Pomacentrus lepidogenys,Pomacentrus lepidogenys
289,Pomacentrus moluccensis,Pomacentrus moluccensis,Pomacentrus moluccensis
290,Pomacentrus coelestis,Pomacentrus coelestis,Pomacentrus coelestis
291,Neopomacentrus azysron,Neopomacentrus azysron,Neopomacentrus azysron
292,Neopomacentrus cyanomos,Neopomacentrus cyanomos,Neopomacentrus cyanomos
293,Neopomacentrus bankieri,Neopomacentrus bankieri,Neopomacentrus bankieri
298,Mugil curema,Mugil curema,Mugil curema
299,Mugil cephalus,Mugil cephalus,Mugil cephalus
300,Rhinomugil corsula,Rhinomugil corsula,Rhinomugil corsula
301,Embiotoca lateralis,Embiotoca lateralis,Embiotoca lateralis
302,Ambassis interrupta,Ambassis interrupta,Ambassis interrupta
303,Gobius paganellus,Gobius paganellus,Gobius paganellus
304,Rhinogobiops nicholsii,Rhinogobiops nicholsii,Rhinogobiops nicholsii
305,Oligolepis acutipennis,Oligolepis acutipennis,Oligolepis acutipennis
306,Glossogobius giuris,Glossogobius giuris,Glossogobius giuris
307,Gillichthys mirabilis,Gillichthys mirabilis,Gillichthys mirabilis
308,Typhlogobius californiensis,Typhlogobius californiensis,Typhlogobius californiensis
309,Katsuwonus pelamis,Katsuwonus pelamis,Katsuwonus pelamis
310,Euthynnus affinis,Euthynnus affinis,Euthynnus affinis
311,Thunnus alalunga,Thunnus alalunga,Thunnus alalunga
312,Pomatomus saltatrix,Pomatomus saltatrix,Pomatomus saltatrix
313,Chiasmodon niger,Chiasmodon niger,Chiasmodon niger
315,Callionymus lyra,Callionymus lyra,Callionymus lyra
316,Dactylopterus volitans,Dactylopterus volitans,Dactylopterus volitans
317,Syngnathus acus,Syngnathus acus,Syngnathus acus
318,Hippocampus hippocampus,Hippocampus hippocampus,Hippocampus hippocampus
319,Opsanus tau,Opsanus tau,Opsanus tau
320,Poromitra crassiceps,Poromitra crassiceps,Poromitra crassiceps
321,Melamphaes acanthomus,Melamphaes acanthomus,Melamphaes acanthomus
322,Anoplogaster cornuta,Anoplogaster cornuta,Anoplogaster cornuta
323,Coryphaenoides armatus,Coryphaenoides armatus,Coryphaenoides armatus
324,Melanogrammus aeglefinus,Melanogrammus aeglefinus,Melanogrammus aeglefinus
325,Boreogadus saida,Boreogadus saida,Boreogadus saida
326,Gadus morhua,Gadus morhua,Gadus morhua
328,Gadus ogac,Gadus ogac,Gadus ogac
329,Pollachius pollachius,Pollachius pollachius,Pollachius pollachius
330,Lota lota,Lota lota,Lota lota
331,Melanonus zugmayeri,Melanonus zugmayeri,Melanonus zugmayeri
333,Nannobrachium ritteri,Nannobrachium ritteri,Nannobrachium ritteri
334,Parvilux ingens,Parvilux ingens,Parvilux ingens
335,Stenobrachius leucopsarus,Stenobrachius leucopsarus,Stenobrachius leucopsarus
336,Triphoturus mexicanus,Triphoturus mexicanus,Triphoturus mexicanus
337,Tarletonbeania crenularis,Tarletonbeania crenularis,Tarletonbeania crenularis
338,Symbolophorus californiensis,Symbolophorus californiensis,Symbolophorus californiensis
339,Electrona antarctica,Electrona antarctica,Electrona antarctica
340,Gymnoscopelus braueri,Gymnoscopelus braueri,Gymnoscopelus braueri
341,Gymnoscopelus opisthopterus,Gymnoscopelus opisthopterus,Gymnoscopelus opisthopterus
342,Diaphus theta,Diaphus theta,Diaphus theta
343,Scopelengys tristis,Scopelengys tristis,Scopelengys tristis
344,Benthalbella elongata,Benthalbella elongata,Benthalbella elongata
345,Plecoglossus altivelis altivelis,Plecoglossus altivelis altivelis,Plecoglossus altivelis altivelis
346,Borostomias panamensis,Borostomias panamensis,Borostomias panamensis
347,Stomias atriventer,Stomias atriventer,Stomias atriventer
348,Cyclothone microdon,Cyclothone microdon,Cyclothone microdon
349,Cyclothone acclinidens,Cyclothone acclinidens,Cyclothone acclinidens
350,Ictalurus punctatus,Ictalurus punctatus,Ictalurus punctatus
351,Ameiurus melas,Ameiurus melas,Ameiurus melas
352,Ameiurus nebulosus,Ameiurus nebulosus,Ameiurus nebulosus
353,Ameiurus natalis,Ameiurus natalis,Ameiurus natalis
354,Heteropneustes fossilis,Heteropneustes fossilis,Heteropneustes fossilis
355,Clarias batrachus,Clarias batrachus,Clarias batrachus
356,Mystus vittatus,Mystus vittatus,Mystus vittatus
357,Mystus cavasius,Mystus cavasius,Mystus cavasius
358,Exodon paradoxus,Exodon paradoxus,Exodon paradoxus
359,Colossoma macropomum,Colossoma macropomum,Colossoma macropomum
360,Leporinus fasciatus,Leporinus fasciatus,Leporinus fasciatus
361,Hoplerythrinus unitaeniatus,Hoplerythrinus unitaeniatus,Hoplerythrinus unitaeniatus
362,Misgurnus fossilis,Misgurnus fossilis,Misgurnus fossilis
363,Lepidocephalichthys guntea,Lepidocephalichthys guntea,Lepidocephalichthys guntea
364,Erimyzon oblongus,Erimyzon oblongus,Erimyzon oblongus
365,Catostomus tahoensis,Catostomus tahoensis,Catostomus tahoensis
366,Catostomus commersonii,Catostomus commersonii,Catostomus commersonii
367,Spinibarbus sinensis,Spinibarbus sinensis,Spinibarbus sinensis
368,Carassius auratus auratus,Carassius auratus auratus,Carassius auratus auratus
369,Carassius carassius,Carassius carassius,Carassius carassius
370,Cyprinus carpio carpio,Cyprinus carpio carpio,Cyprinus carpio carpio
371,Danio rerio,Danio rerio,Danio rerio
373,Rhodeus amarus,Rhodeus amarus,Rhodeus amarus
374,Rhodeus sericeus,Rhodeus sericeus,Rhodeus sericeus
375,Tinca tinca,Tinca tinca,Tinca tinca
376,Hybognathus nuchalis,Hybognathus nuchalis,Hybognathus nuchalis
377,Cyprinella lutrensis,Cyprinella lutrensis,Cyprinella lutrensis
378,Pimephales promelas,Pimephales promelas,Pimephales promelas
379,Pimephales vigilax,Pimephales vigilax,Pimephales vigilax
380,Campostoma anomalum,Campostoma anomalum,Campostoma anomalum
381,Orthodon microlepidotus,Orthodon microlepidotus,Orthodon microlepidotus
382,Rutilus rutilus,Rutilus rutilus,Rutilus rutilus
384,Leucaspius delineatus,Leucaspius delineatus,Leucaspius delineatus
385,Alburnus alburnus,Alburnus alburnus,Alburnus alburnus
386,Scardinius erythrophthalmus,Scardinius erythrophthalmus,Scardinius erythrophthalmus
387,Abramis brama,Abramis brama,Abramis brama
388,Notemigonus crysoleucas,Notemigonus crysoleucas,Notemigonus crysoleucas
389,Leuciscus idus,Leuciscus idus,Leuciscus idus
390,Leuciscus leuciscus,Leuciscus leuciscus,Leuciscus leuciscus
391,Gobio gobio,Gobio gobio,Gobio gobio
392,Ctenopharyngodon idella,Ctenopharyngodon idella,Ctenopharyngodon idella
393,Labeo rohita,Labeo rohita,Labeo rohita
394,Labeo calbasu,Labeo calbasu,Labeo calbasu
395,Cirrhinus cirrhosus,Cirrhinus cirrhosus,Cirrhinus cirrhosus
397,Chanos chanos,Chanos chanos,Chanos chanos
398,Sagamichthys abei,Sagamichthys abei,Sagamichthys abei
399,Bajacalifornia burragei,Bajacalifornia burragei,Bajacalifornia burragei
400,Brevoortia tyrannus,Brevoortia tyrannus,Brevoortia tyrannus
401,Dorosoma cepedianum,Dorosoma cepedianum,Dorosoma cepedianum
402,Engraulis japonicus,Engraulis japonicus,Engraulis japonicus
403,Anguilla australis,Anguilla australis,Anguilla australis
404,Anguilla rostrata,Anguilla rostrata,Anguilla rostrata
405,Anguilla anguilla,Anguilla anguilla,Anguilla anguilla
406,Anguilla japonica,Anguilla japonica,Anguilla japonica
407,Conger conger,Conger conger,Conger conger
408,Albula vulpes,Albula vulpes,Albula vulpes
409,Petrocephalus catostoma,Petrocephalus catostoma,Petrocephalus catostoma
410,Gnathonemus petersii,Gnathonemus petersii,Gnathonemus petersii
411,Arapaima gigas,Arapaima gigas,Arapaima gigas
412,Acipenser transmontanus,Acipenser transmontanus,Acipenser transmontanus
413,Acipenser nudiventris,Acipenser nudiventris,Acipenser nudiventris
414,Acipenser fulvescens,Acipenser fulvescens,Acipenser fulvescens
415,Acipenser gueldenstaedtii,Acipenser gueldenstaedtii,Acipenser gueldenstaedtii
416,Acipenser ruthenus,Acipenser ruthenus,Acipenser ruthenus
417,Acipenser stellatus,Acipenser stellatus,Acipenser stellatus
418,Polyodon spathula,Polyodon spathula,Polyodon spathula
419,Erpetoichthys calabaricus,Erpetoichthys calabaricus,Erpetoichthys calabaricus
420,Boulengerula taitana,Boulengerula taitana,Boulengerula taitana
421,Geotrypetes seraphini,Geotrypetes seraphini,Geotrypetes seraphini
422,Typhlonectes compressicauda,Typhlonectes compressicauda,Typhlonectes compressicauda
423,Cryptobranchus alleganiensis,Cryptobranchus alleganiensis,Cryptobranchus alleganiensis
424,Siren intermedia,Siren intermedia,Siren intermedia
425,Siren lacertina,Siren lacertina,Siren lacertina
426,Pseudobranchus striatus,Pseudobranchus striatus,Pseudobranchus striatus
427,Dicamptodon ensatus,Dicamptodon ensatus,Dicamptodon ensatus
428,Ambystoma talpoideum,Ambystoma talpoideum,Ambystoma talpoideum
429,Ambystoma mexicanum,Ambystoma mexicanum,Ambystoma mexicanum
430,Ambystoma tigrinum,Ambystoma tigrinum,Ambystoma tigrinum
431,Ambystoma maculatum,Ambystoma maculatum,Ambystoma maculatum
432,Ambystoma jeffersonianum,Ambystoma jeffersonianum,Ambystoma jeffersonianum
433,Ambystoma laterale,Ambystoma laterale,Ambystoma laterale
434,Ambystoma macrodactylum,Ambystoma macrodactylum,Ambystoma macrodactylum
435,Ambystoma opacum,Ambystoma opacum,Ambystoma opacum
436,Ambystoma gracile,Ambystoma gracile,Ambystoma gracile
437,Salamandra salamandra,Salamandra salamandra,Salamandra salamandra
438,Triturus vulgaris,Triturus vulgaris,Triturus vulgaris
439,Triturus cristatus,Triturus cristatus,Triturus cristatus
440,Taricha rivularis,Taricha rivularis,Taricha rivularis
441,Taricha torosa,Taricha torosa,Taricha torosa
442,Taricha granulosa,Taricha granulosa,Taricha granulosa
443,Notophthalmus viridescens,Notophthalmus viridescens,Notophthalmus viridescens
444,Amphiuma tridactylum,Amphiuma tridactylum,Amphiuma tridactylum
445,Amphiuma means,Amphiuma means,Amphiuma means
446,Plethodon glutinosus,Plethodon glutinosus,Plethodon glutinosus
447,Plethodon jordani,Plethodon jordani,Plethodon jordani
448,Plethodon yonahlossee,Plethodon yonahlossee,Plethodon yonahlossee
449,Plethodon dorsalis,Plethodon dorsalis,Plethodon dorsalis
450,Plethodon cinereus,Plethodon cinereus,Plethodon cinereus
451,Plethodon neomexicanus,Plethodon neomexicanus,Plethodon neomexicanus
452,Hydromantes platycephalus,Hydromantes platycephalus,Hydromantes platycephalus
453,Desmognathus ochrophaeus,Desmognathus ochrophaeus,Desmognathus ochrophaeus
454,Desmognathus fuscus,Desmognathus fuscus,Desmognathus fuscus
455,Desmognathus monticola,Desmognathus monticola,Desmognathus monticola
456,Desmognathus quadramaculatus,Desmognathus quadramaculatus,Desmognathus quadramaculatus
457,Aneides ferreus,Aneides ferreus,Aneides ferreus
458,Aneides flavipunctatus,Aneides flavipunctatus,Aneides flavipunctatus
459,Aneides lugubris,Aneides lugubris,Aneides lugubris
460,Aneides hardii,Aneides hardii,Aneides hardii
462,Pseudoeurycea unguidentis,Pseudoeurycea unguidentis,Pseudoeurycea unguidentis
463,Pseudoeurycea leprosa,Pseudoeurycea leprosa,Pseudoeurycea leprosa
464,Pseudoeurycea cochranae,Pseudoeurycea cochranae,Pseudoeurycea cochranae
465,Pseudoeurycea gadovii,Pseudoeurycea gadovii,Pseudoeurycea gadovii
466,Pseudoeurycea rex,Pseudoeurycea rex,Pseudoeurycea rex
467,Pseudoeurycea goebeli,Pseudoeurycea goebeli,Pseudoeurycea goebeli
468,Pseudoeurycea brunnata,Pseudoeurycea brunnata,Pseudoeurycea brunnata
471,Bolitoglossa subpalmata,Bolitoglossa subpalmata,Bolitoglossa subpalmata
472,Bolitoglossa occidentalis,Bolitoglossa occidentalis,Bolitoglossa occidentalis
473,Bolitoglossa rostrata,Bolitoglossa rostrata,Bolitoglossa rostrata
474,Bolitoglossa morio,Bolitoglossa morio,Bolitoglossa morio
475,Bolitoglossa franklini,Bolitoglossa franklini,Bolitoglossa franklini
476,Batrachoseps attenuatus,Batrachoseps attenuatus,Batrachoseps attenuatus
477,Pseudotriton ruber,Pseudotriton ruber,Pseudotriton ruber
478,Gyrinophilus danielsi,Gyrinophilus danielsi,Gyrinophilus danielsi
479,Eurycea multiplicata,Eurycea multiplicata,Eurycea multiplicata
480,Eurycea neotenes,Eurycea neotenes,Eurycea neotenes
481,Eurycea nana,Eurycea nana,Eurycea nana
482,Eurycea bislineata,Eurycea bislineata,Eurycea bislineata
483,Eurycea longicauda,Eurycea longicauda,Eurycea longicauda
484,Rhyacotriton olympicus,Rhyacotriton olympicus,Rhyacotriton olympicus
485,Necturus maculosus,Necturus maculosus,Necturus maculosus
486,Scaphiopus couchii,Scaphiopus couchii,Scaphiopus couchii
490,Odontophrynus americanus,Odontophrynus americanus,Odontophrynus americanus
491,Telmatobius culeus,Telmatobius culeus,Telmatobius culeus
492,Telmatobius marmoratus,Telmatobius marmoratus,Telmatobius marmoratus
493,Lepidobatrachus llanensis,Lepidobatrachus llanensis,Lepidobatrachus llanensis
494,Ceratophrys calcarata,Ceratophrys calcarata,Ceratophrys calcarata
495,Mannophryne trinitatis,Mannophryne trinitatis,Mannophryne trinitatis
496,Dendrobates auratus,Dendrobates auratus,Dendrobates auratus
497,Colostethus inguinalis,Colostethus inguinalis,Colostethus inguinalis
507,Bufo bufo,Bufo bufo,Bufo bufo
511,Osteopilus septentrionalis,Osteopilus septentrionalis,Osteopilus septentrionalis
512,Pseudacris triseriata,Pseudacris triseriata,Pseudacris triseriata
513,Pseudacris nigrita,Pseudacris nigrita,Pseudacris nigrita
514,Pseudacris crucifer,Pseudacris crucifer,Pseudacris crucifer
516,Pseudacris regilla,Pseudacris regilla,Pseudacris regilla
517,Acris crepitans,Acris crepitans,Acris crepitans
518,Smilisca baudinii,Smilisca baudinii,Smilisca baudinii
520,Hyla arborea,Hyla arborea,Hyla arborea
530,Agalychnis callidryas,Agalychnis callidryas,Agalychnis callidryas
531,Eleutherodactylus portoricensis,Eleutherodactylus portoricensis,Eleutherodactylus portoricensis
532,Eleutherodactylus coqui,Eleutherodactylus coqui,Eleutherodactylus coqui
533,Crinia parinsignifera,Crinia parinsignifera,Crinia parinsignifera
534,Crinia signifera,Crinia signifera,Crinia signifera
535,Pyxicephalus adspersus,Pyxicephalus adspersus,Pyxicephalus adspersus
536,Conraua goliath,Conraua goliath,Conraua goliath
544,Rana temporaria,Rana temporaria,Rana temporaria
545,Rana arvalis,Rana arvalis,Rana arvalis
546,Rana muscosa,Rana muscosa,Rana muscosa
552,Occidozyga martensii,Occidozyga martensii,Occidozyga martensii
558,Gastrophryne carolinensis,Gastrophryne carolinensis,Gastrophryne carolinensis
559,Kaloula pulchra,Kaloula pulchra,Kaloula pulchra
560,Hyperolius viridiflavus,Hyperolius viridiflavus,Hyperolius viridiflavus
561,Hyperolius tuberilinguis,Hyperolius tuberilinguis,Hyperolius tuberilinguis
562,Kassina senegalensis,Kassina senegalensis,Kassina senegalensis
563,Xenopus laevis,Xenopus laevis,Xenopus laevis
564,Bombina orientalis,Bombina orientalis,Bombina orientalis
565,Discoglossus pictus,Discoglossus pictus,Discoglossus pictus
566,Isoodon macrourus,Isoodon macrourus,Isoodon macrourus
567,Isoodon auratus,Isoodon auratus,Isoodon auratus
568,Perameles nasuta,Perameles nasuta,Perameles nasuta
569,Perameles gunnii,Perameles gunnii,Perameles gunnii
570,Echymipera rufescens,Echymipera rufescens,Echymipera rufescens
571,Echymipera kalubu,Echymipera kalubu,Echymipera kalubu
572,Macrotis lagotis,Macrotis lagotis,Macrotis lagotis
573,Myrmecobius fasciatus,Myrmecobius fasciatus,Myrmecobius fasciatus
574,Antechinomys laniger,Antechinomys laniger,Antechinomys laniger
575,Sminthopsis macroura,Sminthopsis macroura,Sminthopsis macroura
576,Sminthopsis crassicaudata,Sminthopsis crassicaudata,Sminthopsis crassicaudata
577,Ningaui yvonnae,Ningaui yvonnae,Ningaui yvonnae
578,Planigale ingrami,Planigale ingrami,Planigale ingrami
579,Planigale gilesi,Planigale gilesi,Planigale gilesi
580,Planigale tenuirostris,Planigale tenuirostris,Planigale tenuirostris
581,Planigale maculata,Planigale maculata,Planigale maculata
582,Antechinus swainsonii,Antechinus swainsonii,Antechinus swainsonii
583,Antechinus flavipes,Antechinus flavipes,Antechinus flavipes
584,Antechinus stuartii,Antechinus stuartii,Antechinus stuartii
585,Phascogale tapoatafa,Phascogale tapoatafa,Phascogale tapoatafa
586,Dasyuroides byrnei,Dasyuroides byrnei,Dasyuroides byrnei
587,Dasycercus cristicauda,Dasycercus cristicauda,Dasycercus cristicauda
588,Pseudantechinus macdonnellensis,Pseudantechinus macdonnellensis,Pseudantechinus macdonnellensis
589,Sarcophilus harrisii,Sarcophilus harrisii,Sarcophilus harrisii
590,Dasyurus hallucatus,Dasyurus hallucatus,Dasyurus hallucatus
591,Dasyurus geoffroii,Dasyurus geoffroii,Dasyurus geoffroii
592,Dasyurus viverrinus,Dasyurus viverrinus,Dasyurus viverrinus
593,Dasyurus maculatus,Dasyurus maculatus,Dasyurus maculatus
594,Notoryctes caurinus,Notoryctes caurinus,Notoryctes caurinus
595,Cercartetus nanus,Cercartetus nanus,Cercartetus nanus
596,Cercartetus lepidus,Cercartetus lepidus,Cercartetus lepidus
597,Cercartetus concinnus,Cercartetus concinnus,Cercartetus concinnus
598,Burramys parvus,Burramys parvus,Burramys parvus
599,Spilocuscus maculatus,Spilocuscus maculatus,Spilocuscus maculatus
600,Trichosurus vulpecula,Trichosurus vulpecula,Trichosurus vulpecula
601,Bettongia gaimardi,Bettongia gaimardi,Bettongia gaimardi
602,Aepyprymnus rufescens,Aepyprymnus rufescens,Aepyprymnus rufescens
603,Dendrolagus matschiei,Dendrolagus matschiei,Dendrolagus matschiei
607,Lagorchestes conspicillatus,Lagorchestes conspicillatus,Lagorchestes conspicillatus
608,Petauroides volans,Petauroides volans,Petauroides volans
609,Petaurus breviceps,Petaurus breviceps,Petaurus breviceps
610,Tarsipes rostratus,Tarsipes rostratus,Tarsipes rostratus
611,Acrobates pygmaeus,Acrobates pygmaeus,Acrobates pygmaeus
612,Phascolarctos cinereus,Phascolarctos cinereus,Phascolarctos cinereus
613,Lasiorhinus latifrons,Lasiorhinus latifrons,Lasiorhinus latifrons
614,Dromiciops gliroides,Dromiciops gliroides,Dromiciops gliroides
615,Caluromys derbianus,Caluromys derbianus,Caluromys derbianus
616,Marmosa robinsoni,Marmosa robinsoni,Marmosa robinsoni
617,Monodelphis brevicaudata,Monodelphis brevicaudata,Monodelphis brevicaudata
618,Monodelphis domestica,Monodelphis domestica,Monodelphis domestica
619,Philander opossum,Philander opossum,Philander opossum
620,Didelphis marsupialis,Didelphis marsupialis,Didelphis marsupialis
621,Didelphis virginiana,Didelphis virginiana,Didelphis virginiana
622,Lutreolina crassicaudata,Lutreolina crassicaudata,Lutreolina crassicaudata
623,Metachirus nudicaudatus,Metachirus nudicaudatus,Metachirus nudicaudatus
624,Gracilinanus microtarsus,Gracilinanus microtarsus,Gracilinanus microtarsus
625,Crocidura russula,Crocidura russula,Crocidura russula
626,Crocidura suaveolens,Crocidura suaveolens,Crocidura suaveolens
627,Crocidura luna,Crocidura luna,Crocidura luna
628,Crocidura jouvenetae,Crocidura jouvenetae,Crocidura jouvenetae
629,Crocidura hildegardeae,Crocidura hildegardeae,Crocidura hildegardeae
630,Crocidura viaria,Crocidura viaria,Crocidura viaria
631,Crocidura olivieri,Crocidura olivieri,Crocidura olivieri
632,Crocidura poensis,Crocidura poensis,Crocidura poensis
633,Myosorex varius,Myosorex varius,Myosorex varius
634,Neomys fodiens,Neomys fodiens,Neomys fodiens
635,Notiosorex crawfordi,Notiosorex crawfordi,Notiosorex crawfordi
636,Blarina brevicauda,Blarina brevicauda,Blarina brevicauda
637,Sorex coronatus,Sorex coronatus,Sorex coronatus
638,Sorex palustris,Sorex palustris,Sorex palustris
639,Sorex minutus,Sorex minutus,Sorex minutus
640,Sorex alpinus,Sorex alpinus,Sorex alpinus
641,Hemiechinus auritus,Hemiechinus auritus,Hemiechinus auritus
642,Paraechinus aethiopicus,Paraechinus aethiopicus,Paraechinus aethiopicus
643,Atelerix albiventris,Atelerix albiventris,Atelerix albiventris
644,Erinaceus europaeus,Erinaceus europaeus,Erinaceus europaeus
645,Erinaceus concolor,Erinaceus concolor,Erinaceus concolor
646,Hylomys suillus,Hylomys suillus,Hylomys suillus
647,Echinosorex gymnura,Echinosorex gymnura,Echinosorex gymnura
648,Neurotrichus gibbsii,Neurotrichus gibbsii,Neurotrichus gibbsii
649,Condylura cristata,Condylura cristata,Condylura cristata
650,Scalopus aquaticus,Scalopus aquaticus,Scalopus aquaticus
651,Manis javanica,Manis javanica,Manis javanica
652,Manis pentadactyla,Manis pentadactyla,Manis pentadactyla
653,Paradoxurus hermaphroditus,Paradoxurus hermaphroditus,Paradoxurus hermaphroditus
654,Arctictis binturong,Arctictis binturong,Arctictis binturong
655,Arctogalidia trivirgata,Arctogalidia trivirgata,Arctogalidia trivirgata
656,Genetta tigrina,Genetta tigrina,Genetta tigrina
657,Fossa fossana,Fossa fossana,Fossa fossana
658,Suricata suricatta,Suricata suricatta,Suricata suricatta
660,Galerella sanguinea,Galerella sanguinea,Galerella sanguinea
661,Proteles cristata,Proteles cristata,Proteles cristata
662,Puma concolor,Puma concolor,Puma concolor
663,Puma yagouaroundi,Puma yagouaroundi,Puma yagouaroundi
664,Leopardus wiedii,Leopardus wiedii,Leopardus wiedii
665,Leopardus pardalis,Leopardus pardalis,Leopardus pardalis
666,Leptailurus serval,Leptailurus serval,Leptailurus serval
667,Panthera tigris,Panthera tigris,Panthera tigris
668,Panthera leo,Panthera leo,Panthera leo
669,Nandinia binotata,Nandinia binotata,Nandinia binotata
670,Vulpes vulpes,Vulpes vulpes,Vulpes vulpes
671,Vulpes lagopus,Vulpes lagopus,Vulpes lagopus
672,Vulpes macrotis,Vulpes macrotis,Vulpes macrotis
673,Vulpes cana,Vulpes cana,Vulpes cana
674,Vulpes zerda,Vulpes zerda,Vulpes zerda
675,Canis mesomelas,Canis mesomelas,Canis mesomelas
676,Cerdocyon thous,Cerdocyon thous,Cerdocyon thous
677,Taxidea taxus,Taxidea taxus,Taxidea taxus
678,Eira barbara,Eira barbara,Eira barbara
679,Martes americana,Martes americana,Martes americana
680,Enhydra lutris,Enhydra lutris,Enhydra lutris
681,Mustela erminea,Mustela erminea,Mustela erminea
682,Mustela frenata,Mustela frenata,Mustela frenata
684,Potos flavus,Potos flavus,Potos flavus
685,Nasua narica,Nasua narica,Nasua narica
686,Bassariscus sumichrasti,Bassariscus sumichrasti,Bassariscus sumichrasti
687,Ailurus fulgens,Ailurus fulgens,Ailurus fulgens
688,Spilogale putorius,Spilogale putorius,Spilogale putorius
689,Mephitis mephitis,Mephitis mephitis,Mephitis mephitis
690,Phoca vitulina,Phoca vitulina,Phoca vitulina
693,Lama glama,Lama glama,Lama glama
694,Camelus dromedarius,Camelus dromedarius,Camelus dromedarius
696,Kobus ellipsiprymnus,Kobus ellipsiprymnus,Kobus ellipsiprymnus
697,Madoqua kirkii,Madoqua kirkii,Madoqua kirkii
698,Raphicerus campestris,Raphicerus campestris,Raphicerus campestris
699,Philantomba monticola,Philantomba monticola,Philantomba monticola
700,Oryx leucoryx,Oryx leucoryx,Oryx leucoryx
701,Alces americanus,Alces americanus,Alces americanus
702,Tragulus javanicus,Tragulus javanicus,Tragulus javanicus
703,Pecari tajacu,Pecari tajacu,Pecari tajacu
704,Hipposideros cervinus,Hipposideros cervinus,Hipposideros cervinus
705,Hipposideros galeritus,Hipposideros galeritus,Hipposideros galeritus
706,Hipposideros diadema,Hipposideros diadema,Hipposideros diadema
707,Aselliscus tricuspidatus,Aselliscus tricuspidatus,Aselliscus tricuspidatus
708,Rhinonicteris aurantia,Rhinonicteris aurantia,Rhinonicteris aurantia
709,Macroderma gigas,Macroderma gigas,Macroderma gigas
710,Pteropus hypomelanus,Pteropus hypomelanus,Pteropus hypomelanus
711,Pteropus rodricensis,Pteropus rodricensis,Pteropus rodricensis
712,Pteropus giganteus,Pteropus giganteus,Pteropus giganteus
713,Pteropus vampyrus,Pteropus vampyrus,Pteropus vampyrus
714,Pteropus pumilus,Pteropus pumilus,Pteropus pumilus
715,Pteropus poliocephalus,Pteropus poliocephalus,Pteropus poliocephalus
716,Pteropus scapulatus,Pteropus scapulatus,Pteropus scapulatus
717,Eonycteris spelaea,Eonycteris spelaea,Eonycteris spelaea
718,Rousettus aegyptiacus,Rousettus aegyptiacus,Rousettus aegyptiacus
719,Rousettus amplexicaudatus,Rousettus amplexicaudatus,Rousettus amplexicaudatus
720,Dobsonia moluccensis,Dobsonia moluccensis,Dobsonia moluccensis
721,Dobsonia praedatrix,Dobsonia praedatrix,Dobsonia praedatrix
722,Dobsonia minor,Dobsonia minor,Dobsonia minor
723,Macroglossus minimus,Macroglossus minimus,Macroglossus minimus
724,Syconycteris australis,Syconycteris australis,Syconycteris australis
725,Melonycteris melanops,Melonycteris melanops,Melonycteris melanops
726,Nyctimene albiventer,Nyctimene albiventer,Nyctimene albiventer
727,Paranyctimene raptor,Paranyctimene raptor,Paranyctimene raptor
728,Cynopterus brachyotis,Cynopterus brachyotis,Cynopterus brachyotis
729,Peropteryx macrotis,Peropteryx macrotis,Peropteryx macrotis
730,Saccopteryx bilineata,Saccopteryx bilineata,Saccopteryx bilineata
731,Noctilio albiventris,Noctilio albiventris,Noctilio albiventris
732,Noctilio leporinus,Noctilio leporinus,Noctilio leporinus
733,Mormoops megalophylla,Mormoops megalophylla,Mormoops megalophylla
734,Pteronotus quadridens,Pteronotus quadridens,Pteronotus quadridens
735,Pteronotus davyi,Pteronotus davyi,Pteronotus davyi
736,Pteronotus personatus,Pteronotus personatus,Pteronotus personatus
737,Carollia perspicillata,Carollia perspicillata,Carollia perspicillata
738,Rhinophylla fischerae,Rhinophylla fischerae,Rhinophylla fischerae
739,Sturnira lilium,Sturnira lilium,Sturnira lilium
740,Artibeus lituratus,Artibeus lituratus,Artibeus lituratus
741,Artibeus jamaicensis,Artibeus jamaicensis,Artibeus jamaicensis
742,Artibeus concolor,Artibeus concolor,Artibeus concolor
743,Platyrrhinus lineatus,Platyrrhinus lineatus,Platyrrhinus lineatus
744,Uroderma bilobatum,Uroderma bilobatum,Uroderma bilobatum
745,Glossophaga soricina,Glossophaga soricina,Glossophaga soricina
746,Glossophaga longirostris,Glossophaga longirostris,Glossophaga longirostris
747,Leptonycteris curasoae,Leptonycteris curasoae,Leptonycteris curasoae
748,Choeroniscus godmani,Choeroniscus godmani,Choeroniscus godmani
749,Phyllostomus elongatus,Phyllostomus elongatus,Phyllostomus elongatus
750,Phyllostomus hastatus,Phyllostomus hastatus,Phyllostomus hastatus
751,Phyllostomus discolor,Phyllostomus discolor,Phyllostomus discolor
752,Tonatia bidens,Tonatia bidens,Tonatia bidens
753,Chrotopterus auritus,Chrotopterus auritus,Chrotopterus auritus
754,Diphylla ecaudata,Diphylla ecaudata,Diphylla ecaudata
755,Diaemus youngi,Diaemus youngi,Diaemus youngi
756,Desmodus rotundus,Desmodus rotundus,Desmodus rotundus
757,Eumops perotis,Eumops perotis,Eumops perotis
758,Molossus molossus,Molossus molossus,Molossus molossus
759,Myotis vivesi,Myotis vivesi,Myotis vivesi
760,Lasiurus seminolus,Lasiurus seminolus,Lasiurus seminolus
761,Lasiurus borealis,Lasiurus borealis,Lasiurus borealis
764,Nyctophilus geoffroyi,Nyctophilus geoffroyi,Nyctophilus geoffroyi
765,Chalinolobus gouldii,Chalinolobus gouldii,Chalinolobus gouldii
766,Histiotus velatus,Histiotus velatus,Histiotus velatus
767,Nycticeius humeralis,Nycticeius humeralis,Nycticeius humeralis
768,Miniopterus schreibersii,Miniopterus schreibersii,Miniopterus schreibersii
769,Natalus tumidirostris,Natalus tumidirostris,Natalus tumidirostris
770,Sylvilagus audubonii,Sylvilagus audubonii,Sylvilagus audubonii
771,Lepus timidus,Lepus timidus,Lepus timidus
772,Lepus arcticus,Lepus arcticus,Lepus arcticus
773,Lepus townsendii,Lepus townsendii,Lepus townsendii
774,Lepus californicus,Lepus californicus,Lepus californicus
775,Lepus alleni,Lepus alleni,Lepus alleni
776,Lepus americanus,Lepus americanus,Lepus americanus
777,Ochotona princeps,Ochotona princeps,Ochotona princeps
778,Graphiurus ocularis,Graphiurus ocularis,Graphiurus ocularis
779,Aplodontia rufa,Aplodontia rufa,Aplodontia rufa
780,Marmota flaviventris,Marmota flaviventris,Marmota flaviventris
781,Otospermophilus beecheyi,Otospermophilus beecheyi,Otospermophilus beecheyi
784,Cynomys ludovicianus,Cynomys ludovicianus,Cynomys ludovicianus
793,Ammospermophilus leucurus,Ammospermophilus leucurus,Ammospermophilus leucurus
794,Tamias striatus,Tamias striatus,Tamias striatus
795,Tamias amoenus,Tamias amoenus,Tamias amoenus
796,Tamias minimus,Tamias minimus,Tamias minimus
797,Tamias merriami,Tamias merriami,Tamias merriami
798,Paraxerus cepapi,Paraxerus cepapi,Paraxerus cepapi
799,Xerus princeps,Xerus princeps,Xerus princeps
800,Xerus inauris,Xerus inauris,Xerus inauris
801,Sciurus aberti,Sciurus aberti,Sciurus aberti
802,Neotoma lepida,Neotoma lepida,Neotoma lepida
803,Neotoma fuscipes,Neotoma fuscipes,Neotoma fuscipes
804,Isthmomys pirrensis,Isthmomys pirrensis,Isthmomys pirrensis
805,Peromyscus californicus,Peromyscus californicus,Peromyscus californicus
806,Peromyscus eremicus,Peromyscus eremicus,Peromyscus eremicus
807,Peromyscus leucopus,Peromyscus leucopus,Peromyscus leucopus
808,Peromyscus maniculatus,Peromyscus maniculatus,Peromyscus maniculatus
809,Peromyscus truei,Peromyscus truei,Peromyscus truei
810,Scotinomys teguina,Scotinomys teguina,Scotinomys teguina
811,Scotinomys xerampelinus,Scotinomys xerampelinus,Scotinomys xerampelinus
812,Baiomys taylori,Baiomys taylori,Baiomys taylori
813,Microtus agrestis,Microtus agrestis,Microtus agrestis
814,Microtus pinetorum,Microtus pinetorum,Microtus pinetorum
815,Microtus xanthognathus,Microtus xanthognathus,Microtus xanthognathus
816,Microtus richardsoni,Microtus richardsoni,Microtus richardsoni
817,Microtus pennsylvanicus,Microtus pennsylvanicus,Microtus pennsylvanicus
818,Microtus montanus,Microtus montanus,Microtus montanus
819,Microtus longicaudus,Microtus longicaudus,Microtus longicaudus
820,Microtus ochrogaster,Microtus ochrogaster,Microtus ochrogaster
821,Microtus cabrerae,Microtus cabrerae,Microtus cabrerae
822,Microtus subterraneus,Microtus subterraneus,Microtus subterraneus
823,Microtus oeconomus,Microtus oeconomus,Microtus oeconomus
824,Chionomys nivalis,Chionomys nivalis,Chionomys nivalis
826,Lemmiscus curtatus,Lemmiscus curtatus,Lemmiscus curtatus
827,Arvicola amphibius,Arvicola amphibius,Arvicola amphibius
828,Microtus breweri,Microtus breweri,Microtus breweri
829,Myodes gapperi,Myodes gapperi,Myodes gapperi
830,Myodes glareolus,Myodes glareolus,Myodes glareolus
831,Myopus schisticolor,Myopus schisticolor,Myopus schisticolor
832,Lemmus trimucronatus,Lemmus trimucronatus,Lemmus trimucronatus
833,Arborimus pomo,Arborimus pomo,Arborimus pomo
834,Phenacomys intermedius,Phenacomys intermedius,Phenacomys intermedius
835,Dicrostonyx groenlandicus,Dicrostonyx groenlandicus,Dicrostonyx groenlandicus
836,Myodes californicus,Myodes californicus,Myodes californicus
837,Microtus guentheri,Microtus guentheri,Microtus guentheri
838,Neofiber alleni,Neofiber alleni,Neofiber alleni
839,Ondatra zibethicus,Ondatra zibethicus,Ondatra zibethicus
840,Mesocricetus auratus,Mesocricetus auratus,Mesocricetus auratus
841,Cricetulus migratorius,Cricetulus migratorius,Cricetulus migratorius
842,Phodopus campbelli,Phodopus campbelli,Phodopus campbelli
843,Phodopus sungorus,Phodopus sungorus,Phodopus sungorus
844,Oligoryzomys longicaudatus,Oligoryzomys longicaudatus,Oligoryzomys longicaudatus
845,Phyllotis darwini,Phyllotis darwini,Phyllotis darwini
846,Phyllotis magister,Phyllotis magister,Phyllotis magister
847,Auliscomys boliviensis,Auliscomys boliviensis,Auliscomys boliviensis
848,Loxodontomys micropus,Loxodontomys micropus,Loxodontomys micropus
849,Graomys griseoflavus,Graomys griseoflavus,Graomys griseoflavus
850,Eligmodontia typus,Eligmodontia typus,Eligmodontia typus
851,Calomys venustus,Calomys venustus,Calomys venustus
852,Calomys musculinus,Calomys musculinus,Calomys musculinus
853,Abrothrix longipilis,Abrothrix longipilis,Abrothrix longipilis
854,Abrothrix olivaceus,Abrothrix olivaceus,Abrothrix olivaceus
855,Abrothrix andinus,Abrothrix andinus,Abrothrix andinus
856,Akodon azarae,Akodon azarae,Akodon azarae
857,Sigmodon hispidus,Sigmodon hispidus,Sigmodon hispidus
858,Pseudomys hermannsburgensis,Pseudomys hermannsburgensis,Pseudomys hermannsburgensis
859,Rattus sordidus,Rattus sordidus,Rattus sordidus
860,Rattus colletti,Rattus colletti,Rattus colletti
861,Rattus villosissimus,Rattus villosissimus,Rattus villosissimus
862,Mus musculus,Mus musculus,Mus musculus
863,Mastomys natalensis,Mastomys natalensis,Mastomys natalensis
864,Apodemus sylvaticus,Apodemus sylvaticus,Apodemus sylvaticus
865,Apodemus witherbyi,Apodemus witherbyi,Apodemus witherbyi
866,Apodemus mystacinus,Apodemus mystacinus,Apodemus mystacinus
867,Micaelamys namaquensis,Micaelamys namaquensis,Micaelamys namaquensis
868,Lemniscomys griselda,Lemniscomys griselda,Lemniscomys griselda
869,Rhabdomys pumilio,Rhabdomys pumilio,Rhabdomys pumilio
870,Otomys irroratus,Otomys irroratus,Otomys irroratus
871,Parotomys brantsii,Parotomys brantsii,Parotomys brantsii
872,Myotomys sloggetti,Myotomys sloggetti,Myotomys sloggetti
873,Myotomys unisulcatus,Myotomys unisulcatus,Myotomys unisulcatus
874,Pseudomys gracilicaudatus,Pseudomys gracilicaudatus,Pseudomys gracilicaudatus
875,Notomys alexis,Notomys alexis,Notomys alexis
876,Notomys cervinus,Notomys cervinus,Notomys cervinus
877,Uromys caudimaculatus,Uromys caudimaculatus,Uromys caudimaculatus
878,Conilurus penicillatus,Conilurus penicillatus,Conilurus penicillatus
879,Hydromys chrysogaster,Hydromys chrysogaster,Hydromys chrysogaster
880,Acomys subspinosus,Acomys subspinosus,Acomys subspinosus
881,Acomys spinosissimus,Acomys spinosissimus,Acomys spinosissimus
882,Gerbillurus tytonis,Gerbillurus tytonis,Gerbillurus tytonis
883,Gerbillurus setzeri,Gerbillurus setzeri,Gerbillurus setzeri
884,Gerbillurus vallinus,Gerbillurus vallinus,Gerbillurus vallinus
885,Gerbillurus paeba,Gerbillurus paeba,Gerbillurus paeba
886,Gerbilliscus afra,Gerbilliscus afra,Gerbilliscus afra
887,Gerbilliscus leucogaster,Gerbilliscus leucogaster,Gerbilliscus leucogaster
888,Desmodillus auricularis,Desmodillus auricularis,Desmodillus auricularis
889,Gerbillus andersoni,Gerbillus andersoni,Gerbillus andersoni
890,Dipodillus dasyurus,Dipodillus dasyurus,Dipodillus dasyurus
891,Gerbillus nanus,Gerbillus nanus,Gerbillus nanus
892,Meriones tristrami,Meriones tristrami,Meriones tristrami
893,Rattus lutreolus,Rattus lutreolus,Rattus lutreolus
894,Rattus fuscipes,Rattus fuscipes,Rattus fuscipes
895,Thallomys paedulcus,Thallomys paedulcus,Thallomys paedulcus
896,Steatomys pratensis,Steatomys pratensis,Steatomys pratensis
897,Saccostomus campestris,Saccostomus campestris,Saccostomus campestris
898,Cricetomys gambianus,Cricetomys gambianus,Cricetomys gambianus
899,Mystromys albicaudatus,Mystromys albicaudatus,Mystromys albicaudatus
900,Tachyoryctes splendens,Tachyoryctes splendens,Tachyoryctes splendens
901,Cannomys badius,Cannomys badius,Cannomys badius
903,Jaculus orientalis,Jaculus orientalis,Jaculus orientalis
904,Jaculus jaculus,Jaculus jaculus,Jaculus jaculus
905,Napaeozapus insignis,Napaeozapus insignis,Napaeozapus insignis
906,Zapus hudsonius,Zapus hudsonius,Zapus hudsonius
907,Pedetes capensis,Pedetes capensis,Pedetes capensis
908,Castor canadensis,Castor canadensis,Castor canadensis
910,Heteromys anomalus,Heteromys anomalus,Heteromys anomalus
911,Heteromys desmarestianus,Heteromys desmarestianus,Heteromys desmarestianus
913,Perognathus longimembris,Perognathus longimembris,Perognathus longimembris
914,Perognathus flavus,Perognathus flavus,Perognathus flavus
915,Chaetodipus intermedius,Chaetodipus intermedius,Chaetodipus intermedius
916,Chaetodipus fallax,Chaetodipus fallax,Chaetodipus fallax
918,Chaetodipus baileyi,Chaetodipus baileyi,Chaetodipus baileyi
919,Chaetodipus hispidus,Chaetodipus hispidus,Chaetodipus hispidus
920,Dipodomys agilis,Dipodomys agilis,Dipodomys agilis
921,Dipodomys microps,Dipodomys microps,Dipodomys microps
922,Dipodomys panamintinus,Dipodomys panamintinus,Dipodomys panamintinus
923,Dipodomys merriami,Dipodomys merriami,Dipodomys merriami
924,Dipodomys deserti,Dipodomys deserti,Dipodomys deserti
925,Microdipodops megacephalus,Microdipodops megacephalus,Microdipodops megacephalus
926,Microdipodops pallidus,Microdipodops pallidus,Microdipodops pallidus
927,Geomys pinetis,Geomys pinetis,Geomys pinetis
928,Geomys bursarius,Geomys bursarius,Geomys bursarius
929,Thomomys talpoides,Thomomys talpoides,Thomomys talpoides
930,Thomomys bottae,Thomomys bottae,Thomomys bottae
931,Thomomys umbrinus,Thomomys umbrinus,Thomomys umbrinus
932,Heterocephalus glaber,Heterocephalus glaber,Heterocephalus glaber
933,Georychus capensis,Georychus capensis,Georychus capensis
934,Bathyergus janetta,Bathyergus janetta,Bathyergus janetta
935,Bathyergus suillus,Bathyergus suillus,Bathyergus suillus
940,Cryptomys hottentotus,Cryptomys hottentotus,Cryptomys hottentotus
941,Heliophobius argenteocinereus,Heliophobius argenteocinereus,Heliophobius argenteocinereus
942,Aconaemys fuscus,Aconaemys fuscus,Aconaemys fuscus
943,Spalacopus cyanus,Spalacopus cyanus,Spalacopus cyanus
944,Octodon degus,Octodon degus,Octodon degus
945,Octodontomys gliroides,Octodontomys gliroides,Octodontomys gliroides
946,Tympanoctomys barrerae,Tympanoctomys barrerae,Tympanoctomys barrerae
947,Octomys mimax,Octomys mimax,Octomys mimax
948,Ctenomys australis,Ctenomys australis,Ctenomys australis
949,Ctenomys talarum,Ctenomys talarum,Ctenomys talarum
950,Ctenomys maulinus,Ctenomys maulinus,Ctenomys maulinus
951,Ctenomys fulvus,Ctenomys fulvus,Ctenomys fulvus
952,Ctenomys opimus,Ctenomys opimus,Ctenomys opimus
953,Capromys pilorides,Capromys pilorides,Capromys pilorides
954,Proechimys semispinosus,Proechimys semispinosus,Proechimys semispinosus
955,Myocastor coypus,Myocastor coypus,Myocastor coypus
956,Thrichomys apereoides,Thrichomys apereoides,Thrichomys apereoides
957,Chinchilla lanigera,Chinchilla lanigera,Chinchilla lanigera
958,Dasyprocta leporina,Dasyprocta leporina,Dasyprocta leporina
959,Myoprocta acouchy,Myoprocta acouchy,Myoprocta acouchy
960,Cavia porcellus,Cavia porcellus,Cavia porcellus
961,Galea musteloides,Galea musteloides,Galea musteloides
962,Kerodon rupestris,Kerodon rupestris,Kerodon rupestris
963,Dolichotis salinicola,Dolichotis salinicola,Dolichotis salinicola
964,Cuniculus paca,Cuniculus paca,Cuniculus paca
965,Coendou prehensilis,Coendou prehensilis,Coendou prehensilis
966,Hystrix africaeaustralis,Hystrix africaeaustralis,Hystrix africaeaustralis
967,Nycticebus coucang,Nycticebus coucang,Nycticebus coucang
968,Loris tardigradus,Loris tardigradus,Loris tardigradus
969,Otolemur crassicaudatus,Otolemur crassicaudatus,Otolemur crassicaudatus
970,Cheirogaleus medius,Cheirogaleus medius,Cheirogaleus medius
971,Eulemur fulvus,Eulemur fulvus,Eulemur fulvus
972,Aotus trivirgatus,Aotus trivirgatus,Aotus trivirgatus
973,Cebuella pygmaea,Cebuella pygmaea,Cebuella pygmaea
974,Callimico goeldii,Callimico goeldii,Callimico goeldii
975,Cercopithecus mitis,Cercopithecus mitis,Cercopithecus mitis
976,Colobus guereza,Colobus guereza,Colobus guereza
978,Ptilocercus lowii,Ptilocercus lowii,Ptilocercus lowii
979,Tupaia glis,Tupaia glis,Tupaia glis
980,Heterohyrax brucei,Heterohyrax brucei,Heterohyrax brucei
981,Eremitalpa granti,Eremitalpa granti,Eremitalpa granti
982,Geogale aurita,Geogale aurita,Geogale aurita
983,Limnogale mergulus,Limnogale mergulus,Limnogale mergulus
984,Microgale cowani,Microgale cowani,Microgale cowani
985,Microgale talazaci,Microgale talazaci,Microgale talazaci
986,Microgale dobsoni,Microgale dobsoni,Microgale dobsoni
987,Setifer setosus,Setifer setosus,Setifer setosus
988,Elephantulus intufi,Elephantulus intufi,Elephantulus intufi
990,Elephantulus brachyrhynchus,Elephantulus brachyrhynchus,Elephantulus brachyrhynchus
991,Elephantulus edwardii,Elephantulus edwardii,Elephantulus edwardii
992,Elephantulus myurus,Elephantulus myurus,Elephantulus myurus
994,Petrodromus tetradactylus,Petrodromus tetradactylus,Petrodromus tetradactylus
995,Macroscelides proboscideus,Macroscelides proboscideus,Macroscelides proboscideus
996,Orycteropus afer,Orycteropus afer,Orycteropus afer
997,Zaedyus pichiy,Zaedyus pichiy,Zaedyus pichiy
998,Chaetophractus vellerosus,Chaetophractus vellerosus,Chaetophractus vellerosus
999,Chaetophractus villosus,Chaetophractus villosus,Chaetophractus villosus
1000,Euphractus sexcinctus,Euphractus sexcinctus,Euphractus sexcinctus
1001,Tolypeutes matacus,Tolypeutes matacus,Tolypeutes matacus
1002,Cabassous centralis,Cabassous centralis,Cabassous centralis
1003,Priodontes maximus,Priodontes maximus,Priodontes maximus
1004,Tamandua tetradactyla,Tamandua tetradactyla,Tamandua tetradactyla
1005,Myrmecophaga tridactyla,Myrmecophaga tridactyla,Myrmecophaga tridactyla
1006,Cyclopes didactylus,Cyclopes didactylus,Cyclopes didactylus
1007,Bradypus variegatus,Bradypus variegatus,Bradypus variegatus
1008,Choloepus hoffmanni,Choloepus hoffmanni,Choloepus hoffmanni
1009,Tachyglossus aculeatus,Tachyglossus aculeatus,Tachyglossus aculeatus
1010,Zaglossus bruijni,Zaglossus bruijni,Zaglossus bruijni
1011,Ornithorhynchus anatinus,Ornithorhynchus anatinus,Ornithorhynchus anatinus
1012,Bunopus tuberculatus,Bunopus tuberculatus,Bunopus tuberculatus
1013,Hemidactylus frenatus,Hemidactylus frenatus,Hemidactylus frenatus
1015,Gekko gecko,Gekko gecko,Gekko gecko
1016,Rhoptropus bradfieldi,Rhoptropus bradfieldi,Rhoptropus bradfieldi
1018,Tarentola mauritanica,Tarentola mauritanica,Tarentola mauritanica
1019,Ptyodactylus hasselquistii,Ptyodactylus hasselquistii,Ptyodactylus hasselquistii
1020,Sphaerodactylus macrolepis,Sphaerodactylus macrolepis,Sphaerodactylus macrolepis
1021,Sphaerodactylus cinereus,Sphaerodactylus cinereus,Sphaerodactylus cinereus
1022,Sphaerodactylus notatus,Sphaerodactylus notatus,Sphaerodactylus notatus
1023,Coleonyx variegatus,Coleonyx variegatus,Coleonyx variegatus
1024,Coleonyx switaki,Coleonyx switaki,Coleonyx switaki
1026,Diplodactylus galeatus,Diplodactylus galeatus,Diplodactylus galeatus
1027,Naultinus manukanus,Naultinus manukanus,Naultinus manukanus
1029,Nephrurus levis,Nephrurus levis,Nephrurus levis
1030,Nephrurus asper,Nephrurus asper,Nephrurus asper
1031,Scincella lateralis,Scincella lateralis,Scincella lateralis
1032,Ctenotus labillardieri,Ctenotus labillardieri,Ctenotus labillardieri
1033,Oligosoma polychroma,Oligosoma polychroma,Oligosoma polychroma
1035,Egernia cunninghami,Egernia cunninghami,Egernia cunninghami
1036,Tiliqua scincoides,Tiliqua scincoides,Tiliqua scincoides
1037,Tiliqua rugosa,Tiliqua rugosa,Tiliqua rugosa
1042,Scelotes gronovii,Scelotes gronovii,Scelotes gronovii
1043,Chalcides ocellatus,Chalcides ocellatus,Chalcides ocellatus
1044,Scincus mitranus,Scincus mitranus,Scincus mitranus
1045,Acontias meleagris,Acontias meleagris,Acontias meleagris
1046,Lepidophyma gaigeae,Lepidophyma gaigeae,Lepidophyma gaigeae
1047,Xantusia henshawi,Xantusia henshawi,Xantusia henshawi
1048,Xantusia vigilis,Xantusia vigilis,Xantusia vigilis
1049,Python sebae,Python sebae,Python sebae
1050,Python molurus,Python molurus,Python molurus
1051,Python regius,Python regius,Python regius
1052,Antaresia stimsoni,Antaresia stimsoni,Antaresia stimsoni
1053,Antaresia childreni,Antaresia childreni,Antaresia childreni
1054,Morelia spilota,Morelia spilota,Morelia spilota
1055,Liasis olivaceus,Liasis olivaceus,Liasis olivaceus
1056,Liasis fuscus,Liasis fuscus,Liasis fuscus
1057,Aspidites melanocephalus,Aspidites melanocephalus,Aspidites melanocephalus
1059,Epicrates cenchria,Epicrates cenchria,Epicrates cenchria
1060,Eunectes murinus,Eunectes murinus,Eunectes murinus
1061,Eunectes notaeus,Eunectes notaeus,Eunectes notaeus
1062,Corallus caninus,Corallus caninus,Corallus caninus
1063,Boa constrictor,Boa constrictor,Boa constrictor
1064,Eryx colubrinus,Eryx colubrinus,Eryx colubrinus
1065,Lichanura trivirgata,Lichanura trivirgata,Lichanura trivirgata
1066,Acrantophis dumerili,Acrantophis dumerili,Acrantophis dumerili
1067,Spalerosophis diadema,Spalerosophis diadema,Spalerosophis diadema
1068,Pseudonaja nuchalis,Pseudonaja nuchalis,Pseudonaja nuchalis
1070,Acanthophis praelongus,Acanthophis praelongus,Acanthophis praelongus
1071,Salvadora hexalepis,Salvadora hexalepis,Salvadora hexalepis
1072,Chironius quadricarinatus,Chironius quadricarinatus,Chironius quadricarinatus
1073,Coluber constrictor,Coluber constrictor,Coluber constrictor
1074,Masticophis flagellum,Masticophis flagellum,Masticophis flagellum
1076,Pituophis catenifer,Pituophis catenifer,Pituophis catenifer
1077,Dipsas albifrons,Dipsas albifrons,Dipsas albifrons
1078,Xenodon merremii,Xenodon merremii,Xenodon merremii
1079,Xenodon guentheri,Xenodon guentheri,Xenodon guentheri
1080,Xenodon neuwiedii,Xenodon neuwiedii,Xenodon neuwiedii
1081,Helicops modestus,Helicops modestus,Helicops modestus
1082,Oxyrhopus trigeminus,Oxyrhopus trigeminus,Oxyrhopus trigeminus
1083,Philodryas patagoniensis,Philodryas patagoniensis,Philodryas patagoniensis
1084,Philodryas olfersii,Philodryas olfersii,Philodryas olfersii
1085,Diadophis punctatus,Diadophis punctatus,Diadophis punctatus
1086,Storeria dekayi,Storeria dekayi,Storeria dekayi
1088,Thamnophis butleri,Thamnophis butleri,Thamnophis butleri
1089,Thamnophis proximus,Thamnophis proximus,Thamnophis proximus
1090,Thamnophis sirtalis,Thamnophis sirtalis,Thamnophis sirtalis
1091,Natrix maura,Natrix maura,Natrix maura
1092,Natrix natrix,Natrix natrix,Natrix natrix
1093,Vipera berus,Vipera berus,Vipera berus
1094,Crotalus viridis,Crotalus viridis,Crotalus viridis
1095,Acrochordus arafurae,Acrochordus arafurae,Acrochordus arafurae
1096,Varanus albigularis,Varanus albigularis,Varanus albigularis
1097,Varanus exanthematicus,Varanus exanthematicus,Varanus exanthematicus
1098,Varanus acanthurus,Varanus acanthurus,Varanus acanthurus
1099,Varanus gilleni,Varanus gilleni,Varanus gilleni
1100,Varanus caudolineatus,Varanus caudolineatus,Varanus caudolineatus
1101,Varanus eremius,Varanus eremius,Varanus eremius
1102,Varanus brevicauda,Varanus brevicauda,Varanus brevicauda
1103,Varanus tristis,Varanus tristis,Varanus tristis
1104,Varanus varius,Varanus varius,Varanus varius
1105,Varanus panoptes,Varanus panoptes,Varanus panoptes
1106,Varanus gouldii,Varanus gouldii,Varanus gouldii
1107,Varanus rosenbergi,Varanus rosenbergi,Varanus rosenbergi
1108,Varanus giganteus,Varanus giganteus,Varanus giganteus
1109,Varanus mertensi,Varanus mertensi,Varanus mertensi
1110,Varanus bengalensis,Varanus bengalensis,Varanus bengalensis
1111,Anguis fragilis,Anguis fragilis,Anguis fragilis
1112,Ophisaurus ventralis,Ophisaurus ventralis,Ophisaurus ventralis
1113,Anniella pulchra,Anniella pulchra,Anniella pulchra
1114,Heloderma horridum,Heloderma horridum,Heloderma horridum
1115,Heloderma suspectum,Heloderma suspectum,Heloderma suspectum
1116,Crotaphytus collaris,Crotaphytus collaris,Crotaphytus collaris
1117,Anolis limifrons,Anolis limifrons,Anolis limifrons
1118,Anolis sagrei,Anolis sagrei,Anolis sagrei
1119,Anolis acutus,Anolis acutus,Anolis acutus
1120,Anolis carolinensis,Anolis carolinensis,Anolis carolinensis
1121,Phrynosoma cornutum,Phrynosoma cornutum,Phrynosoma cornutum
1124,Sceloporus undulatus,Sceloporus undulatus,Sceloporus undulatus
1125,Sceloporus occidentalis,Sceloporus occidentalis,Sceloporus occidentalis
1126,Sceloporus olivaceus,Sceloporus olivaceus,Sceloporus olivaceus
1127,Sceloporus graciosus,Sceloporus graciosus,Sceloporus graciosus
1128,Sceloporus variabilis,Sceloporus variabilis,Sceloporus variabilis
1129,Uta stansburiana,Uta stansburiana,Uta stansburiana
1130,Amblyrhynchus cristatus,Amblyrhynchus cristatus,Amblyrhynchus cristatus
1131,Cyclura nubila,Cyclura nubila,Cyclura nubila
1132,Sauromalus hispidus,Sauromalus hispidus,Sauromalus hispidus
1134,Iguana iguana,Iguana iguana,Iguana iguana
1135,Dipsosaurus dorsalis,Dipsosaurus dorsalis,Dipsosaurus dorsalis
1136,Moloch horridus,Moloch horridus,Moloch horridus
1137,Pogona barbata,Pogona barbata,Pogona barbata
1138,Ctenophorus nuchalis,Ctenophorus nuchalis,Ctenophorus nuchalis
1139,Intellagama lesueurii,Intellagama lesueurii,Intellagama lesueurii
1140,Cnemidophorus murinus,Cnemidophorus murinus,Cnemidophorus murinus
1144,Podarcis muralis,Podarcis muralis,Podarcis muralis
1145,Lacerta agilis,Lacerta agilis,Lacerta agilis
1146,Lacerta viridis,Lacerta viridis,Lacerta viridis
1148,Acanthodactylus scutellatus,Acanthodactylus scutellatus,Acanthodactylus scutellatus
1149,Acanthodactylus schmidti,Acanthodactylus schmidti,Acanthodactylus schmidti
1150,Acanthodactylus schreiberi,Acanthodactylus schreiberi,Acanthodactylus schreiberi
1151,Acanthodactylus opheodurus,Acanthodactylus opheodurus,Acanthodactylus opheodurus
1152,Acanthodactylus pardalis,Acanthodactylus pardalis,Acanthodactylus pardalis
1153,Psammodromus algirus,Psammodromus algirus,Psammodromus algirus
1154,Trogonophis wiegmanni,Trogonophis wiegmanni,Trogonophis wiegmanni
1155,Diplometopon zarudnyi,Diplometopon zarudnyi,Diplometopon zarudnyi
1156,Blanus cinereus,Blanus cinereus,Blanus cinereus
1157,Sphenodon punctatus,Sphenodon punctatus,Sphenodon punctatus
1158,Crocodylus porosus,Crocodylus porosus,Crocodylus porosus
1159,Alligator mississippiensis,Alligator mississippiensis,Alligator mississippiensis
1160,Struthio camelus,Struthio camelus,Struthio camelus
1161,Apteryx owenii,Apteryx owenii,Apteryx owenii
1162,Apteryx australis,Apteryx australis,Apteryx australis
1163,Dromaius novaehollandiae,Dromaius novaehollandiae,Dromaius novaehollandiae
1164,Florisuga mellivora,Florisuga mellivora,Florisuga mellivora
1165,Trochilus scitulus,Trochilus scitulus,Trochilus scitulus
1166,Chrysuronia oenone,Chrysuronia oenone,Chrysuronia oenone
1167,Orthorhyncus cristatus,Orthorhyncus cristatus,Orthorhyncus cristatus
1168,Chlorostilbon mellisugus,Chlorostilbon mellisugus,Chlorostilbon mellisugus
1169,Eugenes fulgens,Eugenes fulgens,Eugenes fulgens
1170,Lampornis clemenciae,Lampornis clemenciae,Lampornis clemenciae
1171,Archilochus alexandri,Archilochus alexandri,Archilochus alexandri
1172,Chaetocercus mulsant,Chaetocercus mulsant,Chaetocercus mulsant
1173,Patagona gigas,Patagona gigas,Patagona gigas
1174,Oreotrochilus estella,Oreotrochilus estella,Oreotrochilus estella
1175,Ocreatus underwoodii,Ocreatus underwoodii,Ocreatus underwoodii
1176,Urosticte benjamini,Urosticte benjamini,Urosticte benjamini
1177,Boissonneaua matthewsii,Boissonneaua matthewsii,Boissonneaua matthewsii
1178,Aglaeactis cupripennis,Aglaeactis cupripennis,Aglaeactis cupripennis
1179,Eulampis jugularis,Eulampis jugularis,Eulampis jugularis
1180,Anthracothorax nigricollis,Anthracothorax nigricollis,Anthracothorax nigricollis
1181,Pygoscelis adeliae,Pygoscelis adeliae,Pygoscelis adeliae
1182,Eudyptula minor,Eudyptula minor,Eudyptula minor
1183,Spheniscus humboldti,Spheniscus humboldti,Spheniscus humboldti
1184,Megadyptes antipodes,Megadyptes antipodes,Megadyptes antipodes
1185,Eudyptes pachyrhynchus,Eudyptes pachyrhynchus,Eudyptes pachyrhynchus
1186,Pelecanoides georgicus,Pelecanoides georgicus,Pelecanoides georgicus
1188,Procellaria aequinoctialis,Procellaria aequinoctialis,Procellaria aequinoctialis
1189,Procellaria cinerea,Procellaria cinerea,Procellaria cinerea
1190,Macronectes giganteus,Macronectes giganteus,Macronectes giganteus
1191,Puffinus nativitatis,Puffinus nativitatis,Puffinus nativitatis
1192,Phoebetria fusca,Phoebetria fusca,Phoebetria fusca
1193,Phoebastria immutabilis,Phoebastria immutabilis,Phoebastria immutabilis
1194,Thalassarche chrysostoma,Thalassarche chrysostoma,Thalassarche chrysostoma
1195,Phaethon rubricauda,Phaethon rubricauda,Phaethon rubricauda
1196,Fulica atra,Fulica atra,Fulica atra
1197,Gygis alba,Gygis alba,Gygis alba
1198,Onychoprion lunatus,Onychoprion lunatus,Onychoprion lunatus
1199,Onychoprion fuscatus,Onychoprion fuscatus,Onychoprion fuscatus
1200,Anous minutus,Anous minutus,Anous minutus
1201,Stercorarius maccormicki,Stercorarius maccormicki,Stercorarius maccormicki
1202,Tringa ochropus,Tringa ochropus,Tringa ochropus
1203,Leptotila verreauxi,Leptotila verreauxi,Leptotila verreauxi
1204,Merops viridis,Merops viridis,Merops viridis
1205,Melanerpes formicivorus,Melanerpes formicivorus,Melanerpes formicivorus
1206,Upupa epops,Upupa epops,Upupa epops
1207,Otus scops,Otus scops,Otus scops
1208,Buteo buteo,Buteo buteo,Buteo buteo
1209,Melopsittacus undulatus,Melopsittacus undulatus,Melopsittacus undulatus
1210,Neophema pulchella,Neophema pulchella,Neophema pulchella
1212,Loriculus galgulus,Loriculus galgulus,Loriculus galgulus
1213,Amazona viridigenalis,Amazona viridigenalis,Amazona viridigenalis
1214,Eopsaltria australis,Eopsaltria australis,Eopsaltria australis
1215,Lanius cristatus,Lanius cristatus,Lanius cristatus
1216,Auriparus flaviceps,Auriparus flaviceps,Auriparus flaviceps
1217,Pycnonotus jocosus,Pycnonotus jocosus,Pycnonotus jocosus
1218,Pycnonotus goiavier,Pycnonotus goiavier,Pycnonotus goiavier
1219,Pycnonotus finlaysoni,Pycnonotus finlaysoni,Pycnonotus finlaysoni
1220,Alophoixus bres,Alophoixus bres,Alophoixus bres
1221,Zosterops lateralis,Zosterops lateralis,Zosterops lateralis
1222,Malacopteron cinereum,Malacopteron cinereum,Malacopteron cinereum
1223,Psaltriparus minimus,Psaltriparus minimus,Psaltriparus minimus
1224,Acrocephalus arundinaceus,Acrocephalus arundinaceus,Acrocephalus arundinaceus
1225,Acrocephalus bistrigiceps,Acrocephalus bistrigiceps,Acrocephalus bistrigiceps
1226,Hirundo tahitica,Hirundo tahitica,Hirundo tahitica
1227,Acridotheres tristis,Acridotheres tristis,Acridotheres tristis
1228,Sturnus vulgaris,Sturnus vulgaris,Sturnus vulgaris
1229,Turdus merula,Turdus merula,Turdus merula
1230,Zoothera lunulata,Zoothera lunulata,Zoothera lunulata
1231,Larvivora cyane,Larvivora cyane,Larvivora cyane
1232,Copsychus saularis,Copsychus saularis,Copsychus saularis
1233,Chloropsis sonnerati,Chloropsis sonnerati,Chloropsis sonnerati
1234,Hypothymis azurea,Hypothymis azurea,Hypothymis azurea
1235,Taeniopygia guttata,Taeniopygia guttata,Taeniopygia guttata
1236,Lonchura maja,Lonchura maja,Lonchura maja
1237,Lonchura malacca,Lonchura malacca,Lonchura malacca
1238,Rhipidura fuliginosa,Rhipidura fuliginosa,Rhipidura fuliginosa
1239,Calamospiza melanocorys,Calamospiza melanocorys,Calamospiza melanocorys
1240,Passer domesticus,Passer domesticus,Passer domesticus
1241,Passer montanus,Passer montanus,Passer montanus
1242,Aethopyga siparaja,Aethopyga siparaja,Aethopyga siparaja
1243,Arachnothera longirostra,Arachnothera longirostra,Arachnothera longirostra
1244,Cinnyris venustus,Cinnyris venustus,Cinnyris venustus
1245,Nectarinia tacazze,Nectarinia tacazze,Nectarinia tacazze
1246,Pachycephala pectoralis,Pachycephala pectoralis,Pachycephala pectoralis
1247,Himatione sanguinea,Himatione sanguinea,Himatione sanguinea
1248,Cracticus torquatus,Cracticus torquatus,Cracticus torquatus
1249,Strepera graculina,Strepera graculina,Strepera graculina
1250,Ceratopipra mentalis,Ceratopipra mentalis,Ceratopipra mentalis
1251,Manacus vitellinus,Manacus vitellinus,Manacus vitellinus
1252,Thamnophilus punctatus,Thamnophilus punctatus,Thamnophilus punctatus
1253,Xiphorhynchus guttatus,Xiphorhynchus guttatus,Xiphorhynchus guttatus
1254,Neochmia temporalis,Neochmia temporalis,Neochmia temporalis
1255,Psophodes olivaceus,Psophodes olivaceus,Psophodes olivaceus
1256,Pardalotus punctatus,Pardalotus punctatus,Pardalotus punctatus
1257,Acanthiza pusilla,Acanthiza pusilla,Acanthiza pusilla
1258,Acanthiza uropygialis,Acanthiza uropygialis,Acanthiza uropygialis
1259,Acanthiza chrysorrhoa,Acanthiza chrysorrhoa,Acanthiza chrysorrhoa
1260,Acanthiza lineata,Acanthiza lineata,Acanthiza lineata
1261,Sericornis frontalis,Sericornis frontalis,Sericornis frontalis
1264,Smicrornis brevirostris,Smicrornis brevirostris,Smicrornis brevirostris
1265,Melithreptus lunatus,Melithreptus lunatus,Melithreptus lunatus
1266,Phylidonyris novaehollandiae,Phylidonyris novaehollandiae,Phylidonyris novaehollandiae
1267,Lichmera indistincta,Lichmera indistincta,Lichmera indistincta
1268,Gliciphila melanops,Gliciphila melanops,Gliciphila melanops
1269,Acanthorhynchus tenuirostris,Acanthorhynchus tenuirostris,Acanthorhynchus tenuirostris
1270,Manorina flavigula,Manorina flavigula,Manorina flavigula
1272,Acanthagenys rufogularis,Acanthagenys rufogularis,Acanthagenys rufogularis
1273,Meliphaga lewinii,Meliphaga lewinii,Meliphaga lewinii
1274,Malurus lamberti,Malurus lamberti,Malurus lamberti
1275,Malurus cyaneus,Malurus cyaneus,Malurus cyaneus
1276,Centropus senegalensis,Centropus senegalensis,Centropus senegalensis
1277,Cuculus canorus,Cuculus canorus,Cuculus canorus
1278,Cacomantis variolosus,Cacomantis variolosus,Cacomantis variolosus
1280,Anas acuta,Anas acuta,Anas acuta
1281,Anas crecca,Anas crecca,Anas crecca
1285,Aythya nyroca,Aythya nyroca,Aythya nyroca
1286,Aythya ferina,Aythya ferina,Aythya ferina
1287,Aythya fuligula,Aythya fuligula,Aythya fuligula
1288,Netta rufina,Netta rufina,Netta rufina
1289,Coturnix pectoralis,Coturnix pectoralis,Coturnix pectoralis
1290,Coturnix japonica,Coturnix japonica,Coturnix japonica
1292,Alectoris chukar,Alectoris chukar,Alectoris chukar
1293,Callipepla gambelii,Callipepla gambelii,Callipepla gambelii
1294,Callipepla californica,Callipepla californica,Callipepla californica
1295,Terrapene ornata,Terrapene ornata,Terrapene ornata
1296,Chelydra serpentina,Chelydra serpentina,Chelydra serpentina
1297,Myxine glutinosa,Myxine glutinosa,Myxine glutinosa
1298,Ichthyomyzon fossor,Ichthyomyzon fossor,Ichthyomyzon fossor
1299,Petromyzon marinus,Petromyzon marinus,Petromyzon marinus
1300,Lampetra fluviatilis,Lampetra fluviatilis,Lampetra fluviatilis
1301,Lampetra planeri,Lampetra planeri,Lampetra planeri
1302,Dermacentor andersoni,Dermacentor andersoni,Dermacentor andersoni
1303,Ornithodoros moubata,Ornithodoros moubata,Ornithodoros moubata
1304,Tetranychus cinnabarinus,Tetranychus cinnabarinus,Tetranychus cinnabarinus
1305,Damon annulatipes,Damon annulatipes,Damon annulatipes
1306,Plectreurys tristis,Plectreurys tristis,Plectreurys tristis
1307,Loxosceles deserta,Loxosceles deserta,Loxosceles deserta
1308,Loxosceles laeta,Loxosceles laeta,Loxosceles laeta
1309,Argiope aurantia,Argiope aurantia,Argiope aurantia
1310,Micrathena sagittata,Micrathena sagittata,Micrathena sagittata
1312,Latrodectus mactans,Latrodectus mactans,Latrodectus mactans
1313,Menemerus bivittatus,Menemerus bivittatus,Menemerus bivittatus
1314,Zygoballus rufipes,Zygoballus rufipes,Zygoballus rufipes
1315,Marpissa muscosa,Marpissa muscosa,Marpissa muscosa
1316,Pardosa lugubris,Pardosa lugubris,Pardosa lugubris
1317,Agelenopsis aperta,Agelenopsis aperta,Agelenopsis aperta
1318,Zosis geniculata,Zosis geniculata,Zosis geniculata
1320,Gromphadorhina portentosa,Gromphadorhina portentosa,Gromphadorhina portentosa
1322,Nauphoeta cinerea,Nauphoeta cinerea,Nauphoeta cinerea
1323,Eublaberus posticus,Eublaberus posticus,Eublaberus posticus
1324,Blaberus discoidalis,Blaberus discoidalis,Blaberus discoidalis
1325,Blaberus giganteus,Blaberus giganteus,Blaberus giganteus
1326,Coptotermes formosanus,Coptotermes formosanus,Coptotermes formosanus
1327,Heterotermes tenuior,Heterotermes tenuior,Heterotermes tenuior
1328,Reticulitermes flavipes,Reticulitermes flavipes,Reticulitermes flavipes
1329,Nasutitermes longinasus,Nasutitermes longinasus,Nasutitermes longinasus
1330,Hospitalitermes hospitalis,Hospitalitermes hospitalis,Hospitalitermes hospitalis
1331,Havilanditermes atripennis,Havilanditermes atripennis,Havilanditermes atripennis
1332,Microcerotermes serrula,Microcerotermes serrula,Microcerotermes serrula
1333,Microcerotermes dubius,Microcerotermes dubius,Microcerotermes dubius
1334,Termes borneensis,Termes borneensis,Termes borneensis
1335,Globitermes globosus,Globitermes globosus,Globitermes globosus
1336,Prohamitermes mirabilis,Prohamitermes mirabilis,Prohamitermes mirabilis
1337,Dicuspiditermes santschii,Dicuspiditermes santschii,Dicuspiditermes santschii
1338,Dicuspiditermes nemorosus,Dicuspiditermes nemorosus,Dicuspiditermes nemorosus
1339,Pericapritermes nitobei,Pericapritermes nitobei,Pericapritermes nitobei
1340,Homallotermes eleanorae,Homallotermes eleanorae,Homallotermes eleanorae
1341,Macrotermes gilvus,Macrotermes gilvus,Macrotermes gilvus
1342,Macrotermes malaccensis,Macrotermes malaccensis,Macrotermes malaccensis
1343,Macrotermes carbonarius,Macrotermes carbonarius,Macrotermes carbonarius
1344,Schedorhinotermes sarawakensis,Schedorhinotermes sarawakensis,Schedorhinotermes sarawakensis
1345,Periplaneta americana,Periplaneta americana,Periplaneta americana
1346,Blatta orientalis,Blatta orientalis,Blatta orientalis
1347,Melanoplus bivittatus,Melanoplus bivittatus,Melanoplus bivittatus
1348,Locusta migratoria migratorioides,Locusta migratoria migratorioides,Locusta migratoria migratorioides
1349,Trimerotropis pallidipennis,Trimerotropis pallidipennis,Trimerotropis pallidipennis
1350,Trimerotropis saxatilis,Trimerotropis saxatilis,Trimerotropis saxatilis
1351,Encoptolophus sordidus,Encoptolophus sordidus,Encoptolophus sordidus
1352,Tanaocerus koebeli,Tanaocerus koebeli,Tanaocerus koebeli
1353,Oecanthus quadripunctatus,Oecanthus quadripunctatus,Oecanthus quadripunctatus
1354,Acheta domesticus,Acheta domesticus,Acheta domesticus
1355,Teleogryllus commodus,Teleogryllus commodus,Teleogryllus commodus
1356,Requena verticalis,Requena verticalis,Requena verticalis
1357,Conocephalus fasciatus,Conocephalus fasciatus,Conocephalus fasciatus
1358,Dasymutilla gloriosa,Dasymutilla gloriosa,Dasymutilla gloriosa
1359,Solenopsis invicta,Solenopsis invicta,Solenopsis invicta
1360,Atta laevigata,Atta laevigata,Atta laevigata
1361,Tetramorium caespitum,Tetramorium caespitum,Tetramorium caespitum
1363,Aphaenogaster cockerelli,Aphaenogaster cockerelli,Aphaenogaster cockerelli
1365,Myrmica alaskensis,Myrmica alaskensis,Myrmica alaskensis
1366,Myrmica rubra,Myrmica rubra,Myrmica rubra
1367,Pogonomyrmex rugosus,Pogonomyrmex rugosus,Pogonomyrmex rugosus
1368,Pogonomyrmex maricopa,Pogonomyrmex maricopa,Pogonomyrmex maricopa
1369,Camponotus vafer,Camponotus vafer,Camponotus vafer
1370,Camponotus laevigatus,Camponotus laevigatus,Camponotus laevigatus
1371,Camponotus vicinus,Camponotus vicinus,Camponotus vicinus
1372,Camponotus sp.,Camponotus sp.,Camponotus sp.
1373,Cataglyphis bicolor,Cataglyphis bicolor,Cataglyphis bicolor
1374,Lasius sitiens,Lasius sitiens,Lasius sitiens
1375,Eciton hamatum,Eciton hamatum,Eciton hamatum
1376,Paraponera clavata,Paraponera clavata,Paraponera clavata
1377,Leptogenys attenuata,Leptogenys attenuata,Leptogenys attenuata
1378,Bombus terrestris,Bombus terrestris,Bombus terrestris
1379,Sphaeroderus stenostomus,Sphaeroderus stenostomus,Sphaeroderus stenostomus
1380,Cicindela repanda,Cicindela repanda,Cicindela repanda
1381,Cicindela longilabris,Cicindela longilabris,Cicindela longilabris
1382,Amara quenseli,Amara quenseli,Amara quenseli
1383,Sphaeridium lunatum,Sphaeridium lunatum,Sphaeridium lunatum
1384,Hylobius abietis,Hylobius abietis,Hylobius abietis
1385,Ips acuminatus,Ips acuminatus,Ips acuminatus
1386,Hypera postica,Hypera postica,Hypera postica
1387,Sitophilus granarius,Sitophilus granarius,Sitophilus granarius
1388,Tribolium castaneum,Tribolium castaneum,Tribolium castaneum
1389,Tribolium confusum,Tribolium confusum,Tribolium confusum
1390,Onymacris plana,Onymacris plana,Onymacris plana
1391,Onymacris unguicularis,Onymacris unguicularis,Onymacris unguicularis
1392,Onymacris laeviceps,Onymacris laeviceps,Onymacris laeviceps
1393,Physadesmia globosa,Physadesmia globosa,Physadesmia globosa
1394,Physosterna cribripes,Physosterna cribripes,Physosterna cribripes
1395,Stenocara gracilipes,Stenocara gracilipes,Stenocara gracilipes
1396,Zophosis orbicularis,Zophosis orbicularis,Zophosis orbicularis
1397,Pimelia grandis,Pimelia grandis,Pimelia grandis
1398,Blaps gigas,Blaps gigas,Blaps gigas
1399,Tenebrio molitor,Tenebrio molitor,Tenebrio molitor
1400,Aphodius rufus,Aphodius rufus,Aphodius rufus
1401,Aphodius contaminatus,Aphodius contaminatus,Aphodius contaminatus
1402,Aphodius fimetarius,Aphodius fimetarius,Aphodius fimetarius
1405,Circellium bacchus,Circellium bacchus,Circellium bacchus
1406,Anachalcos convexus,Anachalcos convexus,Anachalcos convexus
1407,Sisyphus fasciculatus,Sisyphus fasciculatus,Sisyphus fasciculatus
1408,Pleocoma australis,Pleocoma australis,Pleocoma australis
1409,Geotrupes spiniger,Geotrupes spiniger,Geotrupes spiniger
1410,Omorgus radula,Omorgus radula,Omorgus radula
1411,Drosophila repleta,Drosophila repleta,Drosophila repleta
1412,Drosophila americana,Drosophila americana,Drosophila americana
1413,Drosophila virilis,Drosophila virilis,Drosophila virilis
1414,Drosophila mimica,Drosophila mimica,Drosophila mimica
1415,Drosophila melanogaster,Drosophila melanogaster,Drosophila melanogaster
1416,Drosophila nikananu,Drosophila nikananu,Drosophila nikananu
1417,Phormia regina,Phormia regina,Phormia regina
1418,Protophormia terraenovae,Protophormia terraenovae,Protophormia terraenovae
1419,Musca domestica,Musca domestica,Musca domestica
1420,Pantophthalmus tabaninus,Pantophthalmus tabaninus,Pantophthalmus tabaninus
1421,Culex tarsalis,Culex tarsalis,Culex tarsalis
1422,Hapigia simplex,Hapigia simplex,Hapigia simplex
1423,Mimas tiliae,Mimas tiliae,Mimas tiliae
1424,Protambulyx strigilis,Protambulyx strigilis,Protambulyx strigilis
1425,Manduca rustica,Manduca rustica,Manduca rustica
1426,Sphinx ligustri,Sphinx ligustri,Sphinx ligustri
1427,Enyo ocypete,Enyo ocypete,Enyo ocypete
1428,Oryba achemenides,Oryba achemenides,Oryba achemenides
1429,Erinnyis ello,Erinnyis ello,Erinnyis ello
1430,Perigonia lusca,Perigonia lusca,Perigonia lusca
1431,Pachylia ficus,Pachylia ficus,Pachylia ficus
1432,Xylophanes chiron,Xylophanes chiron,Xylophanes chiron
1433,Deilephila elpenor,Deilephila elpenor,Deilephila elpenor
1434,Syssphinx molina,Syssphinx molina,Syssphinx molina
1435,Eacles imperialis,Eacles imperialis,Eacles imperialis
1436,Automeris fieldi,Automeris fieldi,Automeris fieldi
1437,Hylesia praeda,Hylesia praeda,Hylesia praeda
1438,Bombyx mori,Bombyx mori,Bombyx mori
1439,Ostrinia nubilalis,Ostrinia nubilalis,Ostrinia nubilalis
1440,Galleria mellonella,Galleria mellonella,Galleria mellonella
1441,Cystosoma saundersii,Cystosoma saundersii,Cystosoma saundersii
1442,Philaenus spumarius,Philaenus spumarius,Philaenus spumarius
1443,Neophilaenus lineatus,Neophilaenus lineatus,Neophilaenus lineatus
1444,Rhodnius prolixus,Rhodnius prolixus,Rhodnius prolixus
1445,Libellula auripennis,Libellula auripennis,Libellula auripennis
1446,Libellula needhami,Libellula needhami,Libellula needhami
1447,Erythemis simplicicollis,Erythemis simplicicollis,Erythemis simplicicollis
1448,Erythrodiplax connata,Erythrodiplax connata,Erythrodiplax connata
1449,Pachydiplax longipennis,Pachydiplax longipennis,Pachydiplax longipennis
1450,Tramea carolina,Tramea carolina,Tramea carolina
1451,Miathyria marcella,Miathyria marcella,Miathyria marcella
1452,Pantala flavescens,Pantala flavescens,Pantala flavescens
1453,Perithemis tenera,Perithemis tenera,Perithemis tenera
1454,Brachymesia gravida,Brachymesia gravida,Brachymesia gravida
1455,Anax junius,Anax junius,Anax junius
1456,Daphnia pulex,Daphnia pulex,Daphnia pulex
1457,Triops cancriformis,Triops cancriformis,Triops cancriformis
1458,Oncaea mediterranea,Oncaea mediterranea,Oncaea mediterranea
1459,Euchaeta marina,Euchaeta marina,Euchaeta marina
1460,Calanus finmarchicus,Calanus finmarchicus,Calanus finmarchicus
1461,Balanus balanus,Balanus balanus,Balanus balanus
1463,Glyptonotus antarcticus,Glyptonotus antarcticus,Glyptonotus antarcticus
1464,Asellus aquaticus,Asellus aquaticus,Asellus aquaticus
1465,Stenasellus virei,Stenasellus virei,Stenasellus virei
1466,Ligia oceanica,Ligia oceanica,Ligia oceanica
1467,Porcellio scaber,Porcellio scaber,Porcellio scaber
1468,Cylisticus convexus,Cylisticus convexus,Cylisticus convexus
1469,Armadillidium vulgare,Armadillidium vulgare,Armadillidium vulgare
1470,Armadillidium nasatum,Armadillidium nasatum,Armadillidium nasatum
1471,Oniscus asellus,Oniscus asellus,Oniscus asellus
1472,Trichoniscus pusillus,Trichoniscus pusillus,Trichoniscus pusillus
1473,Niphargus krameri,Niphargus krameri,Niphargus krameri
1474,Niphargus stygius,Niphargus stygius,Niphargus stygius
1475,Niphargus rhenorhodanensis,Niphargus rhenorhodanensis,Niphargus rhenorhodanensis
1476,Niphargus virei,Niphargus virei,Niphargus virei
1477,Gammarus fossarum,Gammarus fossarum,Gammarus fossarum
1478,Dikerogammarus haemobaphes,Dikerogammarus haemobaphes,Dikerogammarus haemobaphes
1479,Gammarus locusta,Gammarus locusta,Gammarus locusta
1480,Gammarus salinus,Gammarus salinus,Gammarus salinus
1481,Gammarus oceanicus,Gammarus oceanicus,Gammarus oceanicus
1482,Gammarus duebeni,Gammarus duebeni,Gammarus duebeni
1483,Eurythenes gryllus,Eurythenes gryllus,Eurythenes gryllus
1484,Bathyporeia pilosa,Bathyporeia pilosa,Bathyporeia pilosa
1485,Lucifer typus,Lucifer typus,Lucifer typus
1486,Palaemon adspersus,Palaemon adspersus,Palaemon adspersus
1487,Macrobrachium heterochirus,Macrobrachium heterochirus,Macrobrachium heterochirus
1488,Macrobrachium acanthurus,Macrobrachium acanthurus,Macrobrachium acanthurus
1489,Oplophorus spinosus,Oplophorus spinosus,Oplophorus spinosus
1490,Pachygrapsus marmoratus,Pachygrapsus marmoratus,Pachygrapsus marmoratus
1491,Gecarcoidea natalis,Gecarcoidea natalis,Gecarcoidea natalis
1492,Cancer pagurus,Cancer pagurus,Cancer pagurus
1495,Menippe mercenaria,Menippe mercenaria,Menippe mercenaria
1496,Scylla serrata,Scylla serrata,Scylla serrata
1497,Callinectes sapidus,Callinectes sapidus,Callinectes sapidus
1498,Panopeus herbstii,Panopeus herbstii,Panopeus herbstii
1499,Xantho hydrophilus,Xantho hydrophilus,Xantho hydrophilus
1500,Maja squinado,Maja squinado,Maja squinado
1501,Coenobita compressus,Coenobita compressus,Coenobita compressus
1502,Paralomis multispina,Paralomis multispina,Paralomis multispina
1503,Munidopsis verrilli,Munidopsis verrilli,Munidopsis verrilli
1504,Cherax destructor,Cherax destructor,Cherax destructor
1505,Homarus americanus,Homarus americanus,Homarus americanus
1506,Stereomastis sculpta,Stereomastis sculpta,Stereomastis sculpta
1507,Euphausia crystallorophias,Euphausia crystallorophias,Euphausia crystallorophias
1508,Euphausia superba,Euphausia superba,Euphausia superba
1509,Euphausia pacifica,Euphausia pacifica,Euphausia pacifica
1510,Euphausia tricantha,Euphausia tricantha,Euphausia tricantha
1511,Thysanoessa macrura,Thysanoessa macrura,Thysanoessa macrura
1512,Thysanoessa inermis,Thysanoessa inermis,Thysanoessa inermis
1514,Flaccisagitta hexaptera,Flaccisagitta hexaptera,Flaccisagitta hexaptera
1515,Dosidicus gigas,Dosidicus gigas,Dosidicus gigas
1516,Sthenoteuthis oualaniensis,Sthenoteuthis oualaniensis,Sthenoteuthis oualaniensis
1517,Sthenoteuthis pteropus,Sthenoteuthis pteropus,Sthenoteuthis pteropus
1518,Illex illecebrosus,Illex illecebrosus,Illex illecebrosus
1519,Lolliguncula brevis,Lolliguncula brevis,Lolliguncula brevis
1522,Sepioteuthis lessoniana,Sepioteuthis lessoniana,Sepioteuthis lessoniana
1523,Octopus maya,Octopus maya,Octopus maya
1524,Octopus bimaculoides,Octopus bimaculoides,Octopus bimaculoides
1525,Octopus vulgaris,Octopus vulgaris,Octopus vulgaris
1526,Octopus cyanea,Octopus cyanea,Octopus cyanea
1527,Octopus rubescens,Octopus rubescens,Octopus rubescens
1528,Japetella diaphana,Japetella diaphana,Japetella diaphana
1531,Vampyroteuthis infernalis,Vampyroteuthis infernalis,Vampyroteuthis infernalis
1532,Atolla wyvillei,Atolla wyvillei,Atolla wyvillei
1533,Aglantha digitale,Aglantha digitale,Aglantha digitale
1534,Chlamydomonas reinhardtii,Chlamydomonas reinhardtii,Chlamydomonas reinhardtii
1535,Dunaliella tertiolecta,Dunaliella tertiolecta,Dunaliella tertiolecta
1538,Phaeocystis globosa,Phaeocystis globosa,Phaeocystis globosa
1539,Emiliania huxleyi,Emiliania huxleyi,Emiliania huxleyi
1540,Isochrysis galbana,Isochrysis galbana,Isochrysis galbana
1541,Thalassiosira pseudonana,Thalassiosira pseudonana,Thalassiosira pseudonana
1542,Thalassiosira nordenskioeldii,Thalassiosira nordenskioeldii,Thalassiosira nordenskioeldii
1543,Stephanodiscus neoastraea,Stephanodiscus neoastraea,Stephanodiscus neoastraea
1544,Skeletonema costatum,Skeletonema costatum,Skeletonema costatum
1546,Phaeodactylum tricornutum,Phaeodactylum tricornutum,Phaeodactylum tricornutum
1548,Fragilaria crotonensis,Fragilaria crotonensis,Fragilaria crotonensis
1549,Asterionella formosa,Asterionella formosa,Asterionella formosa
1550,Ditylum brightwellii,Ditylum brightwellii,Ditylum brightwellii
1551,Leptocylindrus danicus,Leptocylindrus danicus,Leptocylindrus danicus
1552,Frontonia leucas,Frontonia leucas,Frontonia leucas
1553,Tetrahymena pyriformis,Tetrahymena pyriformis,Tetrahymena pyriformis
1555,Peridinium gatunense,Peridinium gatunense,Peridinium gatunense
1557,Prorocentrum micans,Prorocentrum micans,Prorocentrum micans
1559,Eimeria tenella,Eimeria tenella,Eimeria tenella
1560,Plasmodium knowlesi,Plasmodium knowlesi,Plasmodium knowlesi
1561,Plasmodium gallinaceum,Plasmodium gallinaceum,Plasmodium gallinaceum
1562,Trichomonas vaginalis,Trichomonas vaginalis,Trichomonas vaginalis
1564,Euglena gracilis,Euglena gracilis,Euglena gracilis
1565,Leishmania donovani,Leishmania donovani,Leishmania donovani
1566,Endotrypanum schaudinni,Endotrypanum schaudinni,Endotrypanum schaudinni
1567,Amoeba proteus,Amoeba proteus,Amoeba proteus
